Time,Setpoint,Omega_PID,Torque_PID,Omega_INDI,Torque_INDI,Disturbance
0.0000,0.00,0.0000,0.1342,0.0000,0.0199,0.00
0.0020,0.00,0.0006,0.1091,0.0001,0.0575,0.00
0.0040,0.00,0.0016,-0.2140,0.0004,0.0790,0.00
0.0060,0.00,0.0017,-0.1735,0.0011,0.0758,0.00
0.0080,0.00,0.0009,0.1834,0.0020,0.0568,0.00
0.0100,0.00,0.0010,-0.3550,0.0032,0.1088,0.00
0.0120,0.00,-0.0005,0.5721,0.0047,0.1604,0.00
0.0140,0.00,0.0007,-0.0371,0.0069,0.1435,0.00
0.0160,0.00,0.0016,-0.1132,0.0095,0.0763,0.00
0.0180,0.00,0.0020,-0.0649,0.0123,0.0642,0.00
0.0200,0.00,0.0020,0.4904,0.0152,0.0833,0.00
0.0220,0.00,0.0042,-0.3072,0.0182,0.0664,0.00
0.0240,0.00,0.0049,-0.3215,0.0213,0.0611,0.00
0.0260,0.00,0.0042,0.4337,0.0245,0.0252,0.00
0.0280,0.00,0.0054,-0.5064,0.0276,-0.0010,0.00
0.0300,0.00,0.0042,0.2178,0.0304,0.0256,0.00
0.0320,0.00,0.0041,0.0775,0.0331,0.0097,0.00
0.0340,0.00,0.0044,-0.1359,0.0357,-0.0541,0.00
0.0360,0.00,0.0040,-0.0764,0.0379,-0.2049,0.00
0.0380,0.00,0.0034,-0.1885,0.0389,-0.2685,0.00
0.0400,0.00,0.0019,0.3467,0.0387,-0.1867,0.00
0.0420,0.00,0.0021,-0.1200,0.0377,-0.1185,0.00
0.0440,0.00,0.0017,0.1965,0.0362,-0.1724,0.00
0.0460,0.00,0.0022,-0.0059,0.0341,-0.2081,0.00
0.0480,0.00,0.0027,0.0665,0.0311,-0.2002,0.00
0.0500,0.00,0.0034,-0.3220,0.0275,-0.1913,0.00
0.0520,0.00,0.0026,-0.1252,0.0233,-0.1415,0.00
0.0540,0.00,0.0014,0.2221,0.0187,-0.0150,0.00
0.0560,0.00,0.0012,0.2860,0.0144,0.0411,0.00
0.0580,0.00,0.0023,-0.2451,0.0105,-0.0327,0.00
0.0600,0.00,0.0022,0.0170,0.0068,-0.1001,0.00
0.0620,0.00,0.0022,-0.1642,0.0029,-0.1497,0.00
0.0640,0.00,0.0015,0.2841,-0.0014,-0.1623,0.00
0.0660,0.00,0.0021,-0.2137,-0.0061,-0.0782,0.00
0.0680,0.00,0.0017,0.2119,-0.0109,-0.0448,0.00
0.0700,0.00,0.0023,-0.0334,-0.0155,0.0442,0.00
0.0720,0.00,0.0027,-0.0544,-0.0195,-0.0214,0.00
0.0740,0.00,0.0028,-0.0688,-0.0234,-0.0295,0.00
0.0760,0.00,0.0026,-0.0403,-0.0272,0.0131,0.00
0.0780,0.00,0.0022,-0.0116,-0.0306,0.0535,0.00
0.0800,0.00,0.0018,0.1066,-0.0335,0.0924,0.00
0.0820,0.00,0.0019,-0.2416,-0.0358,0.1652,0.00
0.0840,0.00,0.0010,-0.2595,-0.0372,0.1798,0.00
0.0860,0.00,-0.0011,0.4559,-0.0377,0.1326,0.00
0.0880,0.00,-0.0010,-0.0181,-0.0376,0.0670,0.00
0.0900,0.00,-0.0010,0.1053,-0.0371,0.0176,0.00
0.0920,0.00,-0.0005,-0.2795,-0.0366,-0.0087,0.00
0.0940,0.00,-0.0013,0.2681,-0.0362,-0.0424,0.00
0.0960,0.00,-0.0008,0.0913,-0.0360,-0.0098,0.00
0.0980,0.00,0.0000,-0.1307,-0.0358,0.0329,0.00
0.1000,0.00,0.0002,-0.0625,-0.0355,0.1359,0.00
0.1020,0.00,0.0001,-0.4101,-0.0346,0.1112,0.00
0.1040,0.00,-0.0018,0.6663,-0.0333,0.0377,0.00
0.1060,0.00,-0.0006,-0.4429,-0.0319,0.0652,0.00
0.1080,0.00,-0.0015,0.3026,-0.0302,0.0911,0.00
0.1100,0.00,-0.0009,-0.2383,-0.0283,0.1416,0.00
0.1120,0.00,-0.0015,0.2528,-0.0259,0.1290,0.00
0.1140,0.00,-0.0009,-0.1086,-0.0231,0.1511,0.00
0.1160,0.00,-0.0008,-0.1224,-0.0198,0.1095,0.00
0.1180,0.00,-0.0013,-0.2104,-0.0162,0.0228,0.00
0.1200,0.00,-0.0027,0.3166,-0.0128,-0.0494,0.00
0.1220,0.00,-0.0025,0.2549,-0.0098,-0.0585,0.00
0.1240,0.00,-0.0013,-0.2735,-0.0073,-0.0374,0.00
0.1260,0.00,-0.0013,-0.2708,-0.0051,-0.0346,0.00
0.1280,0.00,-0.0026,0.2917,-0.0033,0.0172,0.00
0.1300,0.00,-0.0024,-0.2850,-0.0015,0.0386,0.00
0.1320,0.00,-0.0036,0.5332,0.0004,0.0680,0.00
0.1340,0.00,-0.0022,-0.6440,0.0024,0.0844,0.00
0.1360,0.00,-0.0039,0.2273,0.0047,0.0527,0.00
0.1380,0.00,-0.0044,0.1729,0.0070,0.0487,0.00
0.1400,0.00,-0.0041,0.1117,0.0094,0.0612,0.00
0.1420,0.00,-0.0033,-0.0558,0.0119,0.1548,0.00
0.1440,0.00,-0.0029,-0.2429,0.0149,0.1226,0.00
0.1460,0.00,-0.0035,-0.1349,0.0182,0.0669,0.00
0.1480,0.00,-0.0047,0.5080,0.0216,-0.0692,0.00
0.1500,0.00,-0.0036,-0.3337,0.0244,-0.0790,0.00
0.1520,0.00,-0.0040,0.2830,0.0267,-0.0635,0.00
0.1540,0.00,-0.0031,0.1729,0.0286,-0.1223,0.00
0.1560,0.00,-0.0016,-0.7376,0.0297,-0.2045,0.00
0.1580,0.00,-0.0034,0.3449,0.0299,-0.1896,0.00
0.1600,0.00,-0.0035,0.3176,0.0292,-0.1058,0.00
0.1620,0.00,-0.0022,-0.0871,0.0280,-0.0958,0.00
0.1640,0.00,-0.0014,-0.1198,0.0266,-0.1327,0.00
0.1660,0.00,-0.0012,-0.1163,0.0246,-0.1343,0.00
0.1680,0.00,-0.0016,0.0825,0.0222,-0.0871,0.00
0.1700,0.00,-0.0015,0.0646,0.0195,-0.0656,0.00
0.1720,0.00,-0.0011,-0.0837,0.0167,-0.0658,0.00
0.1740,0.00,-0.0012,0.0849,0.0139,-0.0059,0.00
0.1760,0.00,-0.0009,-0.2747,0.0112,0.0773,0.00
0.1780,0.00,-0.0018,0.1389,0.0090,0.0595,0.00
0.1800,0.00,-0.0020,-0.1269,0.0072,-0.0203,0.00
0.1820,0.00,-0.0028,0.1457,0.0055,-0.1249,0.00
0.1840,0.00,-0.0028,0.2087,0.0033,-0.1438,0.00
0.1860,0.00,-0.0020,-0.4179,0.0007,-0.1317,0.00
0.1880,0.00,-0.0030,-0.0375,-0.0024,-0.0125,0.00
0.1900,0.00,-0.0042,0.2295,-0.0052,0.0660,0.00
0.1920,0.00,-0.0042,0.3689,-0.0076,-0.0028,0.00
0.1940,0.00,-0.0026,-0.2606,-0.0099,0.0014,0.00
0.1960,0.00,-0.0023,0.1391,-0.0120,0.0523,0.00
0.1980,0.00,-0.0014,-0.3542,-0.0137,0.1073,0.00
0.2000,0.00,-0.0021,0.3486,-0.0148,0.1246,0.00
0.2020,0.00,-0.0012,-0.1464,-0.0152,0.0720,0.00
0.2040,0.00,-0.0010,-0.4844,-0.0153,0.0765,0.00
0.2060,0.00,-0.0030,0.3985,-0.0151,0.0729,0.00
0.2080,0.00,-0.0031,-0.0723,-0.0145,0.1674,0.00
0.2100,0.00,-0.0035,0.2082,-0.0133,0.1973,0.00
0.2120,0.00,-0.0030,0.2292,-0.0112,0.1346,0.00
0.2140,0.00,-0.0014,-0.2066,-0.0087,0.1728,0.00
0.2160,0.00,-0.0009,-0.0077,-0.0056,0.1450,0.00
0.2180,0.00,-0.0005,-0.1300,-0.0021,0.1167,0.00
0.2200,0.00,-0.0006,0.4574,0.0018,0.0870,0.00
0.2220,0.00,0.0013,-0.5539,0.0057,0.0654,0.00
0.2240,0.00,0.0005,0.3768,0.0096,0.0394,0.00
0.2260,0.00,0.0015,-0.1029,0.0135,0.0398,0.00
0.2280,0.00,0.0020,-0.1894,0.0172,0.0120,0.00
0.2300,0.00,0.0016,0.3305,0.0207,0.0369,0.00
0.2320,0.00,0.0027,-0.2955,0.0242,0.0610,0.00
0.2340,0.00,0.0024,0.1402,0.0277,0.1331,0.00
0.2360,0.00,0.0028,0.0214,0.0315,0.0962,0.00
0.2380,0.00,0.0032,-0.0499,0.0354,0.0157,0.00
0.2400,0.00,0.0034,0.3668,0.0392,-0.0246,0.00
0.2420,0.00,0.0052,-0.4019,0.0426,-0.0172,0.00
0.2440,0.00,0.0051,0.1080,0.0456,0.0002,0.00
0.2460,0.00,0.0054,-0.1579,0.0484,0.0057,0.00
0.2480,0.00,0.0051,0.0421,0.0511,-0.0218,0.00
0.2500,0.00,0.0049,-0.0509,0.0534,-0.0960,0.00
0.2520,0.00,0.0045,-0.0551,0.0551,-0.2172,0.00
0.2540,0.00,0.0039,0.1311,0.0558,-0.2201,0.00
0.2560,0.00,0.0040,0.0717,0.0554,-0.2312,0.00
0.2580,0.00,0.0043,-0.1972,0.0540,-0.1741,0.00
0.2600,0.00,0.0038,-0.2070,0.0519,-0.1079,0.00
0.2620,0.00,0.0023,0.1128,0.0494,-0.0984,0.00
0.2640,0.00,0.0015,0.1409,0.0467,-0.1291,0.00
0.2660,0.00,0.0014,0.1762,0.0436,-0.1599,0.00
0.2680,0.00,0.0020,0.2250,0.0400,-0.1310,0.00
0.2700,0.00,0.0036,-0.4318,0.0360,-0.1671,0.00
0.2720,0.00,0.0032,0.1150,0.0316,-0.2417,0.00
0.2740,0.00,0.0033,-0.0995,0.0264,-0.2744,0.00
0.2760,0.00,0.0029,-0.1791,0.0203,-0.2162,0.00
0.2780,0.00,0.0018,0.5878,0.0137,-0.1080,0.00
0.2800,0.00,0.0034,-0.4838,0.0071,-0.0118,0.00
0.2820,0.00,0.0027,-0.0494,0.0009,0.0570,0.00
0.2840,0.00,0.0018,0.0382,-0.0047,0.0702,0.00
0.2860,0.00,0.0012,0.4484,-0.0095,0.0723,0.00
0.2880,0.00,0.0026,-0.3735,-0.0136,0.0819,0.00
0.2900,0.00,0.0023,-0.0713,-0.0172,0.0649,0.00
0.2920,0.00,0.0016,0.2091,-0.0201,0.1376,0.00
0.2940,0.00,0.0019,-0.0006,-0.0223,0.1673,0.00
0.2960,0.00,0.0023,0.1828,-0.0235,0.1386,0.00
0.2980,0.00,0.0033,-0.0180,-0.0241,0.0614,0.00
0.3000,0.00,0.0043,-0.5766,-0.0243,-0.0537,0.00
0.3020,0.00,0.0026,0.4754,-0.0247,-0.0391,0.00
0.3040,0.00,0.0031,-0.0665,-0.0253,0.0200,0.00
0.3060,0.00,0.0033,0.1776,-0.0257,0.0855,0.00
0.3080,0.00,0.0043,-0.1693,-0.0258,0.0862,0.00
0.3100,0.00,0.0045,-0.1816,-0.0254,0.1113,0.00
0.3120,0.00,0.0038,0.1893,-0.0246,0.1391,0.00
0.3140,0.00,0.0040,-0.1224,-0.0232,0.2526,0.00
0.3160,0.00,0.0037,-0.1874,-0.0207,0.1759,0.00
0.3180,0.00,0.0025,0.3237,-0.0177,0.1031,0.00
0.3200,0.00,0.0029,0.0451,-0.0144,-0.0049,0.00
0.3220,0.00,0.0035,-0.3811,-0.0113,-0.0281,0.00
0.3240,0.00,0.0023,0.3751,-0.0086,-0.0025,0.00
0.3260,0.00,0.0028,-0.4611,-0.0061,0.0898,0.00
0.3280,0.00,0.0013,0.6224,-0.0034,0.1097,0.00
0.3300,0.00,0.0027,-0.0707,-0.0003,0.1746,0.00
0.3320,0.00,0.0036,-0.2370,0.0033,0.1238,0.00
0.3340,0.00,0.0034,0.1774,0.0072,0.0630,0.00
0.3360,0.00,0.0040,-0.1883,0.0111,0.0053,0.00
0.3380,0.00,0.0038,-0.2577,0.0147,-0.0307,0.00
0.3400,0.00,0.0024,-0.1304,0.0180,-0.1217,0.00
0.3420,0.00,0.0005,0.4315,0.0205,-0.1891,0.00
0.3440,0.00,0.0007,-0.1957,0.0220,-0.1949,0.00
0.3460,0.00,-0.0000,0.2142,0.0224,-0.1393,0.00
0.3480,0.00,0.0003,-0.1676,0.0223,-0.0618,0.00
0.3500,0.00,-0.0002,-0.0154,0.0218,0.0200,0.00
0.3520,0.00,-0.0007,0.0839,0.0215,-0.0049,0.00
0.3540,0.00,-0.0008,0.2427,0.0212,-0.1128,0.00
0.3560,0.00,0.0002,-0.3587,0.0204,-0.1126,0.00
0.3580,0.00,-0.0005,0.1807,0.0191,0.0267,0.00
0.3600,0.00,-0.0003,-0.1156,0.0181,0.0404,0.00
0.3620,0.00,-0.0007,-0.0582,0.0173,-0.0059,0.00
0.3640,0.00,-0.0013,-0.0393,0.0165,-0.0235,0.00
0.3660,0.00,-0.0020,0.5347,0.0157,-0.0065,0.00
0.3680,0.00,-0.0003,-0.2737,0.0149,-0.0088,0.00
0.3700,0.00,0.0001,0.0359,0.0141,-0.0201,0.00
0.3720,0.00,0.0006,0.0600,0.0132,-0.0429,0.00
0.3740,0.00,0.0013,-0.1090,0.0123,0.0183,0.00
0.3760,0.00,0.0015,-0.3298,0.0115,-0.0112,0.00
0.3780,0.00,0.0003,0.8278,0.0106,-0.0115,0.00
0.3800,0.00,0.0028,-0.3890,0.0098,-0.0220,0.00
0.3820,0.00,0.0033,-0.3636,0.0090,0.0599,0.00
0.3840,0.00,0.0023,0.1537,0.0084,0.0685,0.00
0.3860,0.00,0.0020,0.1624,0.0083,-0.0134,0.00
0.3880,0.00,0.0024,0.0419,0.0080,-0.0671,0.00
0.3900,0.00,0.0030,-0.1746,0.0075,-0.0267,0.00
0.3920,0.00,0.0027,-0.0948,0.0069,-0.0084,0.00
0.3940,0.00,0.0021,0.0811,0.0063,-0.0880,0.00
0.3960,0.00,0.0019,-0.0206,0.0053,-0.1871,0.00
0.3980,0.00,0.0016,-0.3983,0.0036,-0.2241,0.00
0.4000,0.00,-0.0005,0.2756,0.0010,-0.2217,0.00
0.4020,0.00,-0.0012,0.3188,-0.0024,-0.1357,0.00
0.4040,0.00,-0.0004,0.5565,-0.0062,-0.0299,0.00
0.4060,0.00,0.0028,-0.3613,-0.0098,0.0152,0.00
0.4080,0.00,0.0041,-0.2415,-0.0131,0.0531,0.00
0.4100,0.00,0.0043,-0.1871,-0.0159,-0.0322,0.00
0.4120,0.00,0.0037,0.0020,-0.0187,-0.0211,0.00
0.4140,0.00,0.0031,-0.2898,-0.0214,-0.0441,0.00
0.4160,0.00,0.0013,0.5576,-0.0241,-0.0396,0.00
0.4180,0.00,0.0020,-0.3821,-0.0267,0.0420,0.00
0.4200,0.00,0.0010,0.1628,-0.0290,0.1274,0.00
0.4220,0.00,0.0008,-0.2409,-0.0306,0.1374,0.00
0.4240,0.00,-0.0004,0.3043,-0.0314,0.1321,0.00
0.4260,0.00,-0.0002,0.2632,-0.0316,0.1170,0.00
0.4280,0.00,0.0011,-0.4259,-0.0312,0.0882,0.00
0.4300,0.00,0.0005,-0.1663,-0.0305,0.0054,0.00
0.4320,0.00,-0.0009,0.3947,-0.0297,-0.0110,0.00
0.4340,0.00,-0.0004,-0.2119,-0.0291,-0.0340,0.00
0.4360,0.00,-0.0008,-0.0434,-0.0287,0.0621,0.00
0.4380,0.00,-0.0015,-0.0620,-0.0280,0.1194,0.00
0.4400,0.00,-0.0023,0.1386,-0.0268,0.1959,0.00
0.4420,0.00,-0.0025,-0.0756,-0.0248,0.2325,0.00
0.4440,0.00,-0.0030,0.1539,-0.0219,0.2440,0.00
0.4460,0.00,-0.0028,0.3133,-0.0182,0.1934,0.00
0.4480,0.00,-0.0012,-0.6381,-0.0138,0.1225,0.00
0.4500,0.00,-0.0026,0.0899,-0.0092,0.1987,0.00
0.4520,0.00,-0.0034,-0.0605,-0.0040,0.1561,0.00
0.4540,0.00,-0.0045,0.3412,0.0015,0.0843,0.00
0.4560,0.00,-0.0040,-0.0400,0.0069,-0.0332,0.00
0.4580,0.00,-0.0036,-0.1179,0.0119,-0.0570,0.00
0.4600,0.00,-0.0039,0.1629,0.0163,0.0246,0.00
0.4620,0.00,-0.0034,-0.3501,0.0204,0.0423,0.00
0.4640,0.00,-0.0045,0.4279,0.0245,-0.0248,0.00
0.4660,0.00,-0.0036,-0.5604,0.0281,-0.0640,0.00
0.4680,0.00,-0.0052,0.3682,0.0312,-0.0589,0.00
0.4700,0.00,-0.0051,0.1245,0.0339,-0.0628,0.00
0.4720,0.00,-0.0045,-0.0667,0.0360,-0.1072,0.00
0.4740,0.00,-0.0042,-0.2591,0.0375,-0.1800,0.00
0.4760,0.00,-0.0050,-0.0496,0.0381,-0.2188,0.00
0.4780,0.00,-0.0061,0.1767,0.0377,-0.2032,0.00
0.4800,0.00,-0.0062,0.2655,0.0364,-0.2349,0.00
0.4820,0.00,-0.0052,-0.1969,0.0341,-0.2321,0.00
0.4840,0.00,-0.0051,0.1227,0.0310,-0.1873,0.00
0.4860,0.00,-0.0045,-0.2139,0.0272,-0.1494,0.00
0.4880,0.00,-0.0049,-0.0809,0.0230,-0.1419,0.00
0.4900,0.00,-0.0056,0.0784,0.0185,-0.1590,0.00
0.4920,0.00,-0.0059,0.1709,0.0136,-0.1114,0.00
0.4940,0.00,-0.0054,-0.4602,0.0085,-0.0328,0.00
0.4960,0.00,-0.0070,0.2419,0.0037,-0.0478,0.00
0.4980,0.00,-0.0074,0.1288,-0.0011,-0.0486,0.00
0.5000,0.00,-0.0072,-0.2916,-0.0057,-0.1296,0.00
0.5020,0.00,-0.0084,0.2160,-0.0106,-0.0779,0.00
0.5040,0.00,-0.0084,0.2067,-0.0155,0.0064,0.00
0.5060,0.00,-0.0076,-0.0217,-0.0200,0.1130,0.00
0.5080,0.00,-0.0069,-0.2841,-0.0236,0.1704,0.00
0.5100,0.00,-0.0075,0.0917,-0.0263,0.1445,0.00
0.5120,0.00,-0.0077,-0.0810,-0.0281,0.1319,0.00
0.5140,0.00,-0.0082,0.5122,-0.0292,0.1043,0.00
0.5160,0.00,-0.0064,-0.6050,-0.0298,0.1397,0.00
0.5180,0.00,-0.0074,0.0155,-0.0297,0.1236,0.00
0.5200,0.00,-0.0083,0.1066,-0.0290,0.1228,0.00
0.5220,0.00,-0.0086,0.0686,-0.0279,0.0551,0.00
0.5240,0.00,-0.0086,-0.0743,-0.0265,-0.0274,0.00
0.5260,0.00,-0.0089,0.1607,-0.0254,-0.0460,0.00
0.5280,0.00,-0.0085,-0.1265,-0.0245,-0.0332,0.00
0.5300,0.00,-0.0087,0.2185,-0.0239,0.0280,0.00
0.5320,0.00,-0.0079,-0.0801,-0.0232,0.0259,0.00
0.5340,0.00,-0.0075,-0.1999,-0.0224,-0.0294,0.00
0.5360,0.00,-0.0080,0.2445,-0.0218,-0.0280,0.00
0.5380,0.00,-0.0074,-0.2332,-0.0213,-0.0019,0.00
0.5400,0.00,-0.0079,0.0668,-0.0209,0.0949,0.00
0.5420,0.00,-0.0080,0.0763,-0.0201,0.1163,0.00
0.5440,0.00,-0.0078,-0.0427,-0.0188,0.1087,0.00
0.5460,0.00,-0.0078,-0.1872,-0.0171,-0.0047,0.00
0.5480,0.00,-0.0086,0.0821,-0.0156,-0.0423,0.00
0.5500,0.00,-0.0090,0.2135,-0.0143,0.0088,0.00
0.5520,0.00,-0.0084,-0.1072,-0.0131,0.1509,0.00
0.5540,0.00,-0.0084,-0.0114,-0.0113,0.1927,0.00
0.5560,0.00,-0.0084,0.1488,-0.0088,0.2013,0.00
0.5580,0.00,-0.0077,-0.1529,-0.0055,0.1035,0.00
0.5600,0.00,-0.0077,0.1447,-0.0020,0.1142,0.00
0.5620,0.00,-0.0071,0.0204,0.0017,0.0561,0.00
0.5640,0.00,-0.0065,-0.2733,0.0055,0.0249,0.00
0.5660,0.00,-0.0071,0.0412,0.0090,-0.0313,0.00
0.5680,0.00,-0.0075,-0.3550,0.0122,-0.0354,0.00
0.5700,0.00,-0.0094,0.5631,0.0150,0.0137,0.00
0.5720,0.00,-0.0087,-0.1314,0.0177,-0.0250,0.00
0.5740,0.00,-0.0086,-0.1279,0.0201,-0.0017,0.00
0.5760,0.00,-0.0091,0.1589,0.0223,-0.1569,0.00
0.5780,0.00,-0.0089,0.0005,0.0236,-0.1175,0.00
0.5800,0.00,-0.0086,0.1715,0.0243,-0.1161,0.00
0.5820,0.00,-0.0077,0.0064,0.0245,-0.0751,0.00
0.5840,0.00,-0.0067,-0.2093,0.0243,-0.1547,0.00
0.5860,0.00,-0.0068,-0.0163,0.0234,-0.1674,0.00
0.5880,0.00,-0.0069,0.2010,0.0218,-0.1519,0.00
0.5900,0.00,-0.0061,-0.0835,0.0197,-0.0777,0.00
0.5920,0.00,-0.0057,-0.6531,0.0173,-0.1583,0.00
0.5940,0.00,-0.0083,0.1415,0.0144,-0.0972,0.00
0.5960,0.00,-0.0101,0.2671,0.0113,-0.0502,0.00
0.5980,0.00,-0.0105,0.1624,0.0082,0.0454,0.00
0.6000,0.00,-0.0102,0.0477,0.0055,0.0803,0.00
0.6020,0.00,-0.0097,0.5277,0.0033,0.0756,0.00
0.6040,0.00,-0.0069,-0.6421,0.0016,0.1504,0.00
0.6060,0.00,-0.0071,-0.1462,0.0007,0.1649,0.00
0.6080,0.00,-0.0080,0.0318,0.0006,0.0797,0.00
0.6100,0.00,-0.0086,0.2776,0.0009,-0.0256,0.00
0.6120,0.00,-0.0080,0.1001,0.0010,-0.0766,0.00
0.6140,0.00,-0.0070,-0.2951,0.0008,-0.1034,0.00
0.6160,0.00,-0.0074,0.3824,0.0002,-0.0182,0.00
0.6180,0.00,-0.0060,-0.7413,-0.0005,0.0246,0.00
0.6200,0.00,-0.0080,0.4832,-0.0011,0.0286,0.00
0.6220,0.00,-0.0077,-0.1913,-0.0015,-0.0000,0.00
0.6240,0.00,-0.0083,-0.1758,-0.0018,-0.0314,0.00
0.6260,0.00,-0.0097,0.4611,-0.0023,-0.0219,0.00
0.6280,0.00,-0.0089,-0.3963,-0.0028,0.0032,0.00
0.6300,0.00,-0.0099,0.2472,-0.0033,0.0470,0.00
0.6320,0.00,-0.0097,0.1232,-0.0035,0.0569,0.00
0.6340,0.00,-0.0090,-0.2955,-0.0035,0.0125,0.00
0.6360,0.00,-0.0097,0.1472,-0.0034,-0.0451,0.00
0.6380,0.00,-0.0096,0.0191,-0.0035,-0.0333,0.00
0.6400,0.00,-0.0095,0.0967,-0.0037,-0.0147,0.00
0.6420,0.00,-0.0089,0.1418,-0.0040,-0.0030,0.00
0.6440,0.00,-0.0078,-0.5662,-0.0043,-0.0099,0.00
0.6460,0.00,-0.0092,0.4313,-0.0047,-0.0121,0.00
0.6480,0.00,-0.0087,-0.2697,-0.0050,-0.0763,0.00
0.6500,0.00,-0.0093,0.2273,-0.0057,-0.1528,0.00
0.6520,0.00,-0.0089,-0.0597,-0.0070,-0.1748,0.00
0.6540,0.00,-0.0088,0.0526,-0.0089,-0.1236,0.00
0.6560,0.00,-0.0085,-0.2498,-0.0113,-0.0647,0.00
0.6580,0.00,-0.0093,0.2703,-0.0138,-0.0042,0.00
0.6600,0.00,-0.0088,-0.3844,-0.0162,0.0609,0.00
0.6620,0.00,-0.0101,0.2405,-0.0181,0.0239,0.00
0.6640,0.00,-0.0102,0.2104,-0.0197,0.0457,0.00
0.6660,0.00,-0.0094,-0.2773,-0.0211,0.0518,0.00
0.6680,0.00,-0.0099,-0.4627,-0.0221,0.0773,0.00
0.6700,0.00,-0.0124,0.6699,-0.0227,0.0762,0.00
0.6720,0.00,-0.0117,-0.1217,-0.0229,0.0257,0.00
0.6740,0.00,-0.0116,-0.0949,-0.0229,0.0449,0.00
0.6760,0.00,-0.0119,0.1494,-0.0228,0.0726,0.00
0.6780,0.00,-0.0116,-0.2400,-0.0224,0.1842,0.00
0.6800,0.00,-0.0123,0.2138,-0.0211,0.2083,0.00
0.6820,0.00,-0.0121,0.1549,-0.0190,0.2138,0.00
0.6840,0.00,-0.0111,0.0912,-0.0161,0.0665,0.00
0.6860,0.00,-0.0098,-0.4444,-0.0131,-0.0027,0.00
0.6880,0.00,-0.0106,0.0221,-0.0103,-0.0155,0.00
0.6900,0.00,-0.0112,0.4703,-0.0078,0.0464,0.00
0.6920,0.00,-0.0097,-0.2464,-0.0053,0.0593,0.00
0.6940,0.00,-0.0094,-0.1040,-0.0026,0.0080,0.00
0.6960,0.00,-0.0096,0.0727,-0.0001,-0.0131,0.00
0.6980,0.00,-0.0094,0.0320,0.0021,-0.0067,0.00
0.7000,0.00,-0.0091,-0.0439,0.0042,-0.0017,0.00
0.7020,0.00,-0.0090,-0.0309,0.0061,-0.0727,0.00
0.7040,0.00,-0.0091,-0.3741,0.0076,-0.0946,0.00
0.7060,0.00,-0.0108,0.4809,0.0085,-0.0871,0.00
0.7080,0.00,-0.0102,-0.1933,0.0090,-0.0187,0.00
0.7100,0.00,-0.0106,0.1420,0.0093,-0.0012,0.00
0.7120,0.00,-0.0103,-0.1957,0.0097,-0.0469,0.00
0.7140,0.00,-0.0109,0.1912,0.0097,-0.0674,0.00
0.7160,0.00,-0.0106,-0.3087,0.0095,-0.1224,0.00
0.7180,0.00,-0.0116,-0.0840,0.0088,-0.1014,0.00
0.7200,0.00,-0.0130,0.4896,0.0076,-0.1241,0.00
0.7220,0.00,-0.0121,0.2414,0.0060,-0.0848,0.00
0.7240,0.00,-0.0102,-0.4341,0.0041,-0.0424,0.00
0.7260,0.00,-0.0103,0.0475,0.0022,-0.0295,0.00
0.7280,0.00,-0.0103,0.0788,0.0003,-0.0285,0.00
0.7300,0.00,-0.0098,-0.1263,-0.0017,-0.0558,0.00
0.7320,0.00,-0.0100,0.2400,-0.0037,0.0328,0.00
0.7340,0.00,-0.0091,0.1006,-0.0055,0.0894,0.00
0.7360,0.00,-0.0078,-0.3355,-0.0067,0.2225,0.00
0.7380,0.00,-0.0081,-0.0904,-0.0068,0.1946,0.00
0.7400,0.00,-0.0087,0.2924,-0.0061,0.2386,0.00
0.7420,0.00,-0.0080,-0.1729,-0.0044,0.1386,0.00
0.7440,0.00,-0.0082,0.4186,-0.0022,0.0372,0.00
0.7460,0.00,-0.0064,-0.0465,0.0001,-0.0158,0.00
0.7480,0.00,-0.0050,0.0147,0.0021,-0.0183,0.00
0.7500,0.00,-0.0036,-0.0190,0.0039,0.0679,0.00
0.7520,0.00,-0.0024,-0.3321,0.0058,0.1027,0.00
0.7540,0.00,-0.0028,0.0688,0.0081,0.1183,0.00
0.7560,0.00,-0.0028,-0.4924,0.0108,0.0656,0.00
0.7580,0.00,-0.0050,0.3489,0.0135,0.0580,0.00
0.7600,0.00,-0.0055,-0.0185,0.0163,-0.0152,0.00
0.7620,0.00,-0.0061,0.0571,0.0189,-0.1145,0.00
0.7640,0.00,-0.0063,0.2385,0.0208,-0.2950,0.00
0.7660,0.00,-0.0055,-0.1656,0.0212,-0.3090,0.00
0.7680,0.00,-0.0055,0.0721,0.0202,-0.2628,0.00
0.7700,0.00,-0.0051,-0.2990,0.0181,-0.2125,0.00
0.7720,0.00,-0.0061,0.4681,0.0152,-0.1824,0.00
0.7740,0.00,-0.0050,-0.3227,0.0116,-0.1624,0.00
0.7760,0.00,-0.0053,0.1645,0.0077,-0.1525,0.00
0.7780,0.00,-0.0049,-0.2450,0.0033,-0.1412,0.00
0.7800,0.00,-0.0057,0.0245,-0.0014,-0.1452,0.00
0.7820,0.00,-0.0062,0.0378,-0.0065,-0.0967,0.00
0.7840,0.00,-0.0066,-0.2758,-0.0116,-0.0938,0.00
0.7860,0.00,-0.0081,0.5207,-0.0167,-0.0963,0.00
0.7880,0.00,-0.0073,-0.2865,-0.0220,0.0171,0.00
0.7900,0.00,-0.0077,-0.0705,-0.0268,0.0831,0.00
0.7920,0.00,-0.0085,0.1030,-0.0308,0.1458,0.00
0.7940,0.00,-0.0087,-0.2213,-0.0340,0.2045,0.00
0.7960,0.00,-0.0099,0.2321,-0.0359,0.1709,0.00
0.7980,0.00,-0.0100,0.0321,-0.0370,0.0929,0.00
0.8000,0.00,-0.0099,0.2620,-0.0376,0.0245,0.00
0.8020,0.00,-0.0086,-0.1942,-0.0380,0.0919,0.00
0.8040,0.00,-0.0084,-0.0832,-0.0380,0.2089,0.00
0.8060,0.00,-0.0085,-0.2603,-0.0371,0.2360,0.00
0.8080,0.00,-0.0097,0.5474,-0.0351,0.2422,0.00
0.8100,0.00,-0.0084,-0.6404,-0.0322,0.2626,0.00
0.8120,0.00,-0.0101,0.3865,-0.0284,0.2877,0.00
0.8140,0.00,-0.0099,0.2593,-0.0235,0.2617,0.00
0.8160,0.00,-0.0086,-0.2584,-0.0178,0.1720,0.00
0.8180,0.00,-0.0085,-0.1543,-0.0117,0.1176,0.00
0.8200,0.00,-0.0091,-0.0763,-0.0055,0.2047,0.00
0.8220,0.00,-0.0100,0.0088,0.0011,0.3179,0.00
0.8240,0.00,-0.0108,0.0716,0.0087,0.2935,0.00
0.8260,0.00,-0.0113,0.1561,0.0171,0.1010,0.00
0.8280,0.00,-0.0109,0.1547,0.0253,-0.0394,0.00
0.8300,0.00,-0.0100,-0.4832,0.0328,-0.0563,0.00
0.8320,0.00,-0.0112,0.6830,0.0395,0.0013,0.00
0.8340,0.00,-0.0093,-0.2862,0.0457,-0.0387,0.00
0.8360,0.00,-0.0089,0.3389,0.0513,-0.0713,0.00
0.8380,0.00,-0.0069,-0.5402,0.0562,-0.2011,0.00
0.8400,0.00,-0.0075,-0.0565,0.0598,-0.2298,0.00
0.8420,0.00,-0.0083,0.0092,0.0622,-0.1931,0.00
0.8440,0.00,-0.0090,0.1705,0.0635,-0.2059,0.00
0.8460,0.00,-0.0088,0.0229,0.0638,-0.2030,0.00
0.8480,0.00,-0.0086,0.0493,0.0631,-0.1709,0.00
0.8500,0.00,-0.0082,0.0048,0.0617,-0.1963,0.00
0.8520,0.00,-0.0078,-0.1098,0.0595,-0.1828,0.00
0.8540,0.00,-0.0079,-0.1629,0.0567,-0.1701,0.00
0.8560,0.00,-0.0087,0.4613,0.0533,-0.1297,0.00
0.8580,0.00,-0.0074,-0.1962,0.0495,-0.1188,0.00
0.8600,0.00,-0.0071,0.3533,0.0454,-0.1051,0.00
0.8620,0.00,-0.0052,-0.4806,0.0412,-0.0708,0.00
0.8640,0.00,-0.0056,0.1991,0.0369,0.0079,0.00
0.8660,0.00,-0.0051,0.4048,0.0330,0.0441,0.00
0.8680,0.00,-0.0028,-0.8609,0.0295,-0.0245,0.00
0.8700,0.00,-0.0045,0.3879,0.0262,-0.0854,0.00
0.8720,0.00,-0.0043,0.2054,0.0227,-0.1633,0.00
0.8740,0.00,-0.0033,0.3606,0.0187,-0.2377,0.00
0.8760,0.00,-0.0007,-0.5304,0.0139,-0.2586,0.00
0.8780,0.00,-0.0006,-0.0459,0.0084,-0.2019,0.00
0.8800,0.00,-0.0008,-0.1515,0.0023,-0.1746,0.00
0.8820,0.00,-0.0016,0.1260,-0.0042,-0.2570,0.00
0.8840,0.00,-0.0018,0.4416,-0.0113,-0.2743,0.00
0.8860,0.00,-0.0001,-0.3162,-0.0192,-0.3053,0.00
0.8880,0.00,0.0002,-0.1489,-0.0278,-0.2667,0.00
0.8900,0.00,-0.0003,-0.1329,-0.0371,-0.1827,0.00
0.8920,0.00,-0.0012,0.4371,-0.0465,-0.0208,0.00
0.8940,0.00,-0.0002,0.3608,-0.0553,0.0969,0.00
0.8960,0.00,0.0023,-0.5814,-0.0630,0.2103,0.00
0.8980,0.00,0.0021,-0.0091,-0.0693,0.2461,0.00
0.9000,0.00,0.0019,0.0660,-0.0740,0.3341,0.00
0.9020,0.00,0.0019,-0.2969,-0.0768,0.3279,0.00
0.9040,0.00,0.0007,0.3120,-0.0780,0.2957,0.00
0.9060,0.00,0.0009,0.0032,-0.0778,0.2934,0.00
0.9080,0.00,0.0011,0.4510,-0.0762,0.3480,0.00
0.9100,0.00,0.0033,-0.0871,-0.0732,0.3073,0.00
0.9120,0.00,0.0050,-0.8172,-0.0691,0.3497,0.00
0.9140,0.00,0.0029,0.2377,-0.0636,0.4055,0.00
0.9160,0.00,0.0020,0.1171,-0.0568,0.3572,0.00
0.9180,0.00,0.0017,0.3054,-0.0488,0.2950,0.00
0.9200,0.00,0.0028,-0.0930,-0.0400,0.2056,0.00
0.9220,0.00,0.0034,-0.0224,-0.0309,0.2192,0.00
0.9240,0.00,0.0038,0.0948,-0.0215,0.2254,0.00
0.9260,0.00,0.0047,-0.0848,-0.0118,0.2202,0.00
0.9280,0.00,0.0051,-0.1253,-0.0017,0.1546,0.00
0.9300,0.00,0.0049,0.4234,0.0083,0.0787,0.00
0.9320,0.00,0.0066,-0.2553,0.0180,0.0370,0.00
0.9340,0.00,0.0070,-0.1937,0.0272,0.0633,0.00
0.9360,0.00,0.0066,0.0091,0.0360,0.0636,0.00
0.9380,0.00,0.0062,-0.2045,0.0445,0.0519,0.00
0.9400,0.00,0.0050,0.2904,0.0526,-0.0747,0.00
0.9420,0.00,0.0051,-0.0694,0.0597,-0.0811,0.00
0.9440,0.00,0.0049,0.1849,0.0660,-0.1003,0.00
0.9460,0.00,0.0055,-0.2793,0.0714,-0.0707,0.00
0.9480,0.00,0.0049,0.3081,0.0761,-0.0892,0.00
0.9500,0.00,0.0056,-0.3195,0.0800,-0.1756,0.00
0.9520,0.00,0.0049,0.1528,0.0829,-0.2395,0.00
0.9540,0.00,0.0049,0.0265,0.0845,-0.2174,0.00
0.9560,0.00,0.0051,-0.3520,0.0849,-0.2672,0.00
0.9580,0.00,0.0036,0.5779,0.0842,-0.2994,0.00
0.9600,0.00,0.0049,-0.8009,0.0821,-0.3663,0.00
0.9620,0.00,0.0024,0.7425,0.0785,-0.3985,0.00
0.9640,0.00,0.0035,-0.6065,0.0734,-0.3501,0.00
0.9660,0.00,0.0018,0.2890,0.0671,-0.2928,0.00
0.9680,0.00,0.0014,0.0748,0.0599,-0.2565,0.00
0.9700,0.00,0.0015,-0.3535,0.0520,-0.2262,0.00
0.9720,0.00,-0.0001,0.0936,0.0437,-0.3348,0.00
0.9740,0.00,-0.0011,0.2229,0.0345,-0.3575,0.00
0.9760,0.00,-0.0010,-0.0043,0.0243,-0.3009,0.00
0.9780,0.00,-0.0010,0.1424,0.0135,-0.2379,0.00
0.9800,0.00,-0.0003,-0.1498,0.0024,-0.1600,0.00
0.9820,0.00,-0.0004,0.1800,-0.0086,-0.1671,0.00
0.9840,0.00,0.0004,-0.0998,-0.0196,-0.0732,0.00
0.9860,0.00,0.0006,-0.0896,-0.0302,0.0195,0.00
0.9880,0.00,0.0004,-0.0427,-0.0399,0.1931,0.00
0.9900,0.00,0.0001,0.2987,-0.0481,0.2426,0.00
0.9920,0.00,0.0011,-0.4365,-0.0546,0.2310,0.00
0.9940,0.00,0.0001,0.2013,-0.0597,0.2741,0.00
0.9960,0.00,0.0001,0.0155,-0.0631,0.2541,0.00
0.9980,0.00,0.0001,0.3698,-0.0651,0.2568,0.00
1.0000,3.00,0.0018,3.0000,-0.0659,1.5087,0.00
1.0020,3.00,0.0167,0.7671,-0.0599,1.5337,0.00
1.0040,3.00,0.0339,0.5201,-0.0474,1.7618,0.00
1.0060,3.00,0.0523,0.7224,-0.0280,1.9735,0.00
1.0080,3.00,0.0726,0.8561,-0.0012,2.0976,0.00
1.0100,3.00,0.0952,0.5202,0.0331,2.1552,0.00
1.0120,3.00,0.1185,0.7229,0.0745,2.2940,0.00
1.0140,3.00,0.1433,0.2355,0.1232,2.4724,0.00
1.0160,3.00,0.1674,0.9704,0.1794,2.6624,0.00
1.0180,3.00,0.1941,0.4647,0.2434,2.7117,0.00
1.0200,3.00,0.2208,0.7667,0.3148,2.8278,0.00
1.0220,3.00,0.2489,0.6890,0.3934,2.8436,0.00
1.0240,3.00,0.2781,0.2245,0.4788,2.8811,0.00
1.0260,3.00,0.3060,0.5600,0.5705,2.8109,0.00
1.0280,3.00,0.3342,1.1335,0.6675,2.8108,0.00
1.0300,3.00,0.3654,0.0362,0.7694,2.7668,0.00
1.0320,3.00,0.3943,0.9177,0.8753,2.7338,0.00
1.0340,3.00,0.4249,0.4718,0.9847,2.5855,0.00
1.0360,3.00,0.4553,0.4273,1.0963,2.3596,0.00
1.0380,3.00,0.4851,0.7142,1.2088,2.1197,0.00
1.0400,3.00,0.5157,0.8202,1.3208,1.8977,0.00
1.0420,3.00,0.5475,0.6844,1.4312,1.6951,0.00
1.0440,3.00,0.5797,0.3339,1.5387,1.5108,0.00
1.0460,3.00,0.6107,0.1328,1.6427,1.3006,0.00
1.0480,3.00,0.6396,0.6238,1.7423,1.0126,0.00
1.0500,3.00,0.6689,0.7031,1.8363,0.7017,0.00
1.0520,3.00,0.6987,0.6937,1.9235,0.4705,0.00
1.0540,3.00,0.7290,1.0007,2.0034,0.2799,0.00
1.0560,3.00,0.7611,-0.2280,2.0755,0.0798,0.00
1.0580,3.00,0.7893,0.8203,2.1395,-0.0765,0.00
1.0600,3.00,0.8185,0.6761,2.1953,-0.1873,0.00
1.0620,3.00,0.8481,0.1419,2.2429,-0.3563,0.00
1.0640,3.00,0.8756,1.0731,2.2822,-0.4514,0.00
1.0660,3.00,0.9052,0.2306,2.3136,-0.5207,0.00
1.0680,3.00,0.9330,0.2035,2.3373,-0.5629,0.00
1.0700,3.00,0.9590,1.0094,2.3539,-0.6845,0.00
1.0720,3.00,0.9869,0.2572,2.3634,-0.7377,0.00
1.0740,3.00,1.0131,0.7308,2.3662,-0.6689,0.00
1.0760,3.00,1.0400,0.2690,2.3632,-0.6095,0.00
1.0780,3.00,1.0652,0.4119,2.3553,-0.6011,0.00
1.0800,3.00,1.0896,0.4935,2.3430,-0.5570,0.00
1.0820,3.00,1.1136,0.3271,2.3269,-0.4192,0.00
1.0840,3.00,1.1364,0.5778,2.3080,-0.2896,0.00
1.0860,3.00,1.1592,0.8405,2.2871,-0.0378,0.00
1.0880,3.00,1.1832,0.3282,2.2656,0.1332,0.00
1.0900,3.00,1.2059,0.5599,2.2444,0.3154,0.00
1.0920,3.00,1.2284,0.3535,2.2243,0.3905,0.00
1.0940,3.00,1.2499,0.6887,2.2054,0.4711,0.00
1.0960,3.00,1.2719,0.1100,2.1882,0.5861,0.00
1.0980,3.00,1.2916,0.7176,2.1730,0.6357,0.00
1.1000,3.00,1.3121,0.5890,2.1599,0.7613,0.00
1.1020,3.00,1.3325,0.4203,2.1491,0.9569,0.00
1.1040,3.00,1.3522,0.5692,2.1415,1.1625,0.00
1.1060,3.00,1.3719,0.2176,2.1377,1.3307,0.00
1.1080,3.00,1.3899,0.8457,2.1380,1.3859,0.00
1.1100,3.00,1.4091,0.1303,2.1423,1.4765,0.00
1.1120,3.00,1.4263,0.9027,2.1508,1.4617,0.00
1.1140,3.00,1.4451,-0.1240,2.1628,1.4684,0.00
1.1160,3.00,1.4606,0.5977,2.1781,1.4210,0.00
1.1180,3.00,1.4764,0.6824,2.1961,1.4206,0.00
1.1200,3.00,1.4929,0.1760,2.2166,1.4751,0.00
1.1220,3.00,1.5075,0.6848,2.2395,1.5707,0.00
1.1240,3.00,1.5229,0.6041,2.2651,1.6331,0.00
1.1260,3.00,1.5384,0.7445,2.2932,1.5481,0.00
1.1280,3.00,1.5548,0.4089,2.3232,1.5208,0.00
1.1300,3.00,1.5704,-0.1886,2.3547,1.4685,0.00
1.1320,3.00,1.5825,0.8009,2.3874,1.4717,0.00
1.1340,3.00,1.5960,0.5226,2.4210,1.4776,0.00
1.1360,3.00,1.6094,0.4487,2.4553,1.4313,0.00
1.1380,3.00,1.6223,0.4439,2.4902,1.3015,0.00
1.1400,3.00,1.6348,0.5981,2.5247,1.2614,0.00
1.1420,3.00,1.6476,0.6694,2.5588,1.2214,0.00
1.1440,3.00,1.6609,-0.0585,2.5921,1.1315,0.00
1.1460,3.00,1.6715,0.6124,2.6244,0.9978,0.00
1.1480,3.00,1.6825,0.7189,2.6549,0.8835,0.00
1.1500,3.00,1.6943,0.3604,2.6834,0.8382,0.00
1.1520,3.00,1.7054,0.5231,2.7097,0.8096,0.00
1.1540,3.00,1.7164,0.5928,2.7338,0.6686,0.00
1.1560,3.00,1.7276,0.4776,2.7553,0.6209,0.00
1.1580,3.00,1.7386,0.1063,2.7741,0.5523,0.00
1.1600,3.00,1.7476,0.6556,2.7902,0.5368,0.00
1.1620,3.00,1.7572,0.6008,2.8038,0.4398,0.00
1.1640,3.00,1.7672,0.2435,2.8146,0.3585,0.00
1.1660,3.00,1.7760,0.8740,2.8224,0.3233,0.00
1.1680,3.00,1.7863,0.0734,2.8275,0.1760,0.00
1.1700,3.00,1.7945,-0.0107,2.8294,0.2013,0.00
1.1720,3.00,1.8004,0.8282,2.8285,0.2976,0.00
1.1740,3.00,1.8079,0.5949,2.8255,0.4472,0.00
1.1760,3.00,1.8158,0.5402,2.8214,0.4831,0.00
1.1780,3.00,1.8239,0.2872,2.8164,0.4931,0.00
1.1800,3.00,1.8309,0.5830,2.8106,0.5935,0.00
1.1820,3.00,1.8383,0.5300,2.8045,0.6495,0.00
1.1840,3.00,1.8458,0.1886,2.7986,0.6885,0.00
1.1860,3.00,1.8519,0.9480,2.7928,0.6944,0.00
1.1880,3.00,1.8600,-0.0944,2.7873,0.7103,0.00
1.1900,3.00,1.8653,0.7963,2.7822,0.8142,0.00
1.1920,3.00,1.8721,0.4581,2.7777,0.8261,0.00
1.1940,3.00,1.8786,0.6300,2.7741,0.8875,0.00
1.1960,3.00,1.8857,0.5303,2.7713,0.8686,0.00
1.1980,3.00,1.8928,0.1846,2.7694,0.8686,0.00
1.2000,3.00,1.8984,0.2908,2.7681,0.8841,0.00
1.2020,3.00,1.9031,0.9443,2.7676,0.7986,0.00
1.2040,3.00,1.9099,0.4011,2.7673,0.8076,0.00
1.2060,3.00,1.9161,0.3243,2.7673,0.8028,0.00
1.2080,3.00,1.9215,0.2295,2.7676,0.8597,0.00
1.2100,3.00,1.9257,0.4931,2.7683,0.9202,0.00
1.2120,3.00,1.9300,0.7847,2.7697,0.9761,0.00
1.2140,3.00,1.9356,0.1698,2.7719,0.9986,0.00
1.2160,3.00,1.9397,0.5873,2.7750,1.0129,0.00
1.2180,3.00,1.9443,0.3787,2.7790,1.0737,0.00
1.2200,3.00,1.9484,0.9507,2.7839,1.0930,0.00
1.2220,3.00,1.9546,-0.0490,2.7899,1.0904,0.00
1.2240,3.00,1.9582,0.8784,2.7968,1.1083,0.00
1.2260,3.00,1.9635,0.0219,2.8045,1.0695,0.00
1.2280,3.00,1.9667,1.1964,2.8128,1.1136,0.00
1.2300,3.00,1.9732,0.0945,2.8218,1.0653,0.00
1.2320,3.00,1.9776,0.5184,2.8312,1.0998,0.00
1.2340,3.00,1.9821,1.0503,2.8410,0.9977,0.00
1.2360,3.00,1.9891,0.1730,2.8509,0.9459,0.00
1.2380,3.00,1.9943,0.3560,2.8604,0.9206,0.00
1.2400,3.00,1.9988,0.3607,2.8696,0.9271,0.00
1.2420,3.00,2.0026,0.3938,2.8784,0.9337,0.00
1.2440,3.00,2.0060,0.9513,2.8869,1.0003,0.00
1.2460,3.00,2.0114,-0.0147,2.8954,1.0522,0.00
1.2480,3.00,2.0144,0.8427,2.9042,1.0127,0.00
1.2500,3.00,2.0190,0.2144,2.9129,1.0378,0.00
1.2520,3.00,2.0222,0.4166,2.9217,1.0874,0.00
1.2540,3.00,2.0250,0.9181,2.9308,0.9962,0.00
1.2560,3.00,2.0298,0.2585,2.9397,0.9171,0.00
1.2580,3.00,2.0334,0.2916,2.9481,0.7949,0.00
1.2600,3.00,2.0361,0.5722,2.9554,0.7796,0.00
1.2620,3.00,2.0391,0.5225,2.9618,0.7533,0.00
1.2640,3.00,2.0422,0.7753,2.9670,0.7891,0.00
1.2660,3.00,2.0466,0.2832,2.9715,0.8147,0.00
1.2680,3.00,2.0499,0.4542,2.9753,0.8004,0.00
1.2700,3.00,2.0529,0.7749,2.9785,0.8104,0.00
1.2720,3.00,2.0572,0.3565,2.9812,0.8365,0.00
1.2740,3.00,2.0607,0.2107,2.9835,0.8015,0.00
1.2760,3.00,2.0629,0.4554,2.9853,0.7165,0.00
1.2780,3.00,2.0649,0.3466,2.9862,0.7080,0.00
1.2800,3.00,2.0663,0.3736,2.9864,0.6399,0.00
1.2820,3.00,2.0672,0.9145,2.9856,0.6578,0.00
1.2840,3.00,2.0702,0.8448,2.9840,0.5824,0.00
1.2860,3.00,2.0746,0.1243,2.9812,0.6142,0.00
1.2880,3.00,2.0773,0.4875,2.9777,0.6552,0.00
1.2900,3.00,2.0798,0.6216,2.9736,0.6795,0.00
1.2920,3.00,2.0829,0.2270,2.9691,0.6971,0.00
1.2940,3.00,2.0847,0.6644,2.9644,0.6580,0.00
1.2960,3.00,2.0873,0.4826,2.9593,0.7185,0.00
1.2980,3.00,2.0898,0.0886,2.9541,0.8289,0.00
1.3000,3.00,2.0904,0.4658,2.9494,0.8318,0.00
1.3020,3.00,2.0911,1.1323,2.9450,0.7351,0.00
1.3040,3.00,2.0946,0.2693,2.9407,0.6804,0.00
1.3060,3.00,2.0971,0.7807,2.9360,0.7764,0.00
1.3080,3.00,2.1007,0.3234,2.9316,0.8181,0.00
1.3100,3.00,2.1035,0.6381,2.9275,0.8104,0.00
1.3120,3.00,2.1067,0.4625,2.9237,0.9029,0.00
1.3140,3.00,2.1097,-0.1990,2.9207,0.9657,0.00
1.3160,3.00,2.1095,1.1463,2.9185,0.9557,0.00
1.3180,3.00,2.1123,0.2707,2.9171,0.9133,0.00
1.3200,3.00,2.1141,0.5470,2.9163,0.8780,0.00
1.3220,3.00,2.1160,0.7942,2.9157,0.9049,0.00
1.3240,3.00,2.1192,0.6048,2.9156,0.9101,0.00
1.3260,3.00,2.1228,0.2731,2.9158,0.9332,0.00
1.3280,3.00,2.1252,0.7054,2.9165,0.9832,0.00
1.3300,3.00,2.1284,-0.0469,2.9179,1.1406,0.00
1.3320,3.00,2.1290,0.9386,2.9205,1.1350,0.00
1.3340,3.00,2.1317,0.6023,2.9242,1.1094,0.00
1.3360,3.00,2.1347,0.5677,2.9287,1.0747,0.00
1.3380,3.00,2.1379,0.5586,2.9339,1.1393,0.00
1.3400,3.00,2.1411,0.1436,2.9400,1.1839,0.00
1.3420,3.00,2.1426,0.3807,2.9469,1.1179,0.00
1.3440,3.00,2.1436,0.7346,2.9545,0.9519,0.00
1.3460,3.00,2.1456,0.5196,2.9617,0.8020,0.00
1.3480,3.00,2.1476,0.3122,2.9680,0.7714,0.00
1.3500,3.00,2.1487,0.8314,2.9733,0.8473,0.00
1.3520,3.00,2.1513,0.3946,2.9781,0.8718,0.00
1.3540,3.00,2.1533,0.5853,2.9824,0.8908,0.00
1.3560,3.00,2.1555,0.2612,2.9864,0.8364,0.00
1.3580,3.00,2.1566,0.7523,2.9900,0.8186,0.00
1.3600,3.00,2.1588,-0.0846,2.9929,0.8181,0.00
1.3620,3.00,2.1583,0.7971,2.9954,0.8721,0.00
1.3640,3.00,2.1593,0.5484,2.9976,0.8471,0.00
1.3660,3.00,2.1604,0.7277,2.9995,0.7711,0.00
1.3680,3.00,2.1626,0.6672,3.0008,0.7789,0.00
1.3700,3.00,2.1654,0.2269,3.0015,0.7344,0.00
1.3720,3.00,2.1667,0.6905,3.0016,0.6778,0.00
1.3740,3.00,2.1689,0.5022,3.0008,0.7416,0.00
1.3760,3.00,2.1710,0.5336,2.9995,0.8181,0.00
1.3780,3.00,2.1730,0.6427,2.9981,0.8462,0.00
1.3800,3.00,2.1756,0.9792,2.9968,0.8569,0.00
1.3820,3.00,2.1801,-0.0927,2.9955,0.8403,0.00
1.3840,3.00,2.1817,0.2742,2.9942,0.8325,0.00
1.3860,3.00,2.1821,0.3037,2.9930,0.7998,0.00
1.3880,3.00,2.1817,0.6910,2.9915,0.7952,0.00
1.3900,3.00,2.1822,0.8271,2.9899,0.8326,0.00
1.3920,3.00,2.1841,0.5620,2.9883,0.9147,0.00
1.3940,3.00,2.1862,0.4535,2.9870,0.9055,0.00
1.3960,3.00,2.1879,0.3340,2.9861,0.8328,0.00
1.3980,3.00,2.1888,0.7272,2.9852,0.7690,0.00
1.4000,3.00,2.1906,0.3925,2.9839,0.8373,0.00
1.4020,3.00,2.1918,0.7373,2.9827,0.9454,0.00
1.4040,3.00,2.1940,0.2225,2.9819,0.9185,0.00
1.4060,3.00,2.1948,0.6731,2.9815,0.8936,0.00
1.4080,3.00,2.1963,0.6215,2.9813,0.8748,0.00
1.4100,3.00,2.1982,0.4948,2.9811,0.8914,0.00
1.4120,3.00,2.1999,0.8281,2.9811,0.9263,0.00
1.4140,3.00,2.2030,0.2945,2.9814,0.9521,0.00
1.4160,3.00,2.2048,0.4137,2.9821,0.9765,0.00
1.4180,3.00,2.2061,0.7393,2.9832,0.9361,0.00
1.4200,3.00,2.2084,0.3499,2.9846,0.9142,0.00
1.4220,3.00,2.2098,0.1266,2.9860,0.8743,0.00
1.4240,3.00,2.2094,1.3024,2.9874,0.9494,0.00
1.4260,3.00,2.2125,0.2880,2.9890,1.0340,0.00
1.4280,3.00,2.2145,0.4219,2.9912,1.0437,0.00
1.4300,3.00,2.2159,0.5461,2.9940,0.9282,0.00
1.4320,3.00,2.2173,0.6149,2.9967,0.8332,0.00
1.4340,3.00,2.2192,0.6992,2.9991,0.8256,0.00
1.4360,3.00,2.2217,0.6022,3.0010,0.8949,0.00
1.4380,3.00,2.2244,-0.1370,3.0028,0.9479,0.00
1.4400,3.00,2.2240,0.5832,3.0048,0.9529,0.00
1.4420,3.00,2.2240,1.2300,3.0070,0.8969,0.00
1.4440,3.00,2.2272,0.4621,3.0090,0.8600,0.00
1.4460,3.00,2.2299,0.3852,3.0108,0.8693,0.00
1.4480,3.00,2.2317,0.6325,3.0123,0.8893,0.00
1.4500,3.00,2.2340,0.5714,3.0138,0.9319,0.00
1.4520,3.00,2.2363,0.3207,3.0153,0.9146,0.00
1.4540,3.00,2.2376,0.7313,3.0169,0.9046,0.00
1.4560,3.00,2.2397,0.0901,3.0184,0.9497,0.00
1.4580,3.00,2.2398,0.6359,3.0201,0.9630,0.00
1.4600,3.00,2.2403,0.5356,3.0220,0.9473,0.00
1.4620,3.00,2.2410,0.9512,3.0240,0.7911,0.00
1.4640,3.00,2.2435,0.2308,3.0253,0.6622,0.00
1.4660,3.00,2.2445,0.7000,3.0256,0.6437,0.00
1.4680,3.00,2.2463,0.3066,3.0248,0.7337,0.00
1.4700,3.00,2.2469,0.6712,3.0234,0.7510,0.00
1.4720,3.00,2.2482,0.8544,3.0215,0.7586,0.00
1.4740,3.00,2.2509,0.5189,3.0193,0.7038,0.00
1.4760,3.00,2.2533,0.0595,3.0165,0.6838,0.00
1.4780,3.00,2.2534,0.5003,3.0131,0.7737,0.00
1.4800,3.00,2.2535,0.8532,3.0096,0.8470,0.00
1.4820,3.00,2.2550,0.0845,3.0064,0.8857,0.00
1.4840,3.00,2.2545,1.0070,3.0035,0.8607,0.00
1.4860,3.00,2.2562,0.2843,3.0008,0.9468,0.00
1.4880,3.00,2.2567,0.9598,2.9988,0.9252,0.00
1.4900,3.00,2.2591,0.1592,2.9972,0.8598,0.00
1.4920,3.00,2.2596,0.7824,2.9957,0.7975,0.00
1.4940,3.00,2.2613,0.4268,2.9941,0.8066,0.00
1.4960,3.00,2.2624,0.5656,2.9923,0.8518,0.00
1.4980,3.00,2.2636,0.7749,2.9907,0.9269,0.00
1.5000,3.00,2.2657,0.7129,2.9895,1.0002,0.00
1.5020,3.00,2.2686,0.2665,2.9890,1.0300,0.00
1.5040,3.00,2.2700,0.8133,2.9893,0.9946,0.00
1.5060,3.00,2.2726,0.5184,2.9902,0.9254,0.00
1.5080,3.00,2.2749,0.4392,2.9912,0.9269,0.00
1.5100,3.00,2.2765,0.6577,2.9924,0.9045,0.00
1.5120,3.00,2.2786,0.4676,2.9937,0.8848,0.00
1.5140,3.00,2.2803,0.6725,2.9949,0.7891,0.00
1.5160,3.00,2.2824,0.5354,2.9957,0.8169,0.00
1.5180,3.00,2.2843,0.3592,2.9961,0.7887,0.00
1.5200,3.00,2.2853,0.8423,2.9962,0.8187,0.00
1.5220,3.00,2.2876,0.1715,2.9960,0.7557,0.00
1.5240,3.00,2.2881,0.9303,2.9953,0.7033,0.00
1.5260,3.00,2.2903,0.2755,2.9940,0.7070,0.00
1.5280,3.00,2.2911,0.1437,2.9921,0.6701,0.00
1.5300,3.00,2.2901,1.4041,2.9895,0.7605,0.00
1.5320,3.00,2.2931,0.4094,2.9868,0.8691,0.00
1.5340,3.00,2.2952,0.5588,2.9843,0.9802,0.00
1.5360,3.00,2.2973,0.3861,2.9826,0.9606,0.00
1.5380,3.00,2.2985,0.1524,2.9815,0.9854,0.00
1.5400,3.00,2.2978,0.9558,2.9811,1.0021,0.00
1.5420,3.00,2.2991,0.3632,2.9813,1.0433,0.00
1.5440,3.00,2.2995,0.9497,2.9823,0.9460,0.00
1.5460,3.00,2.3017,0.6280,2.9837,0.9528,0.00
1.5480,3.00,2.3040,0.4279,2.9852,0.8830,0.00
1.5500,3.00,2.3057,0.3129,2.9868,0.8929,0.00
1.5520,3.00,2.3062,0.9259,2.9883,0.9258,0.00
1.5540,3.00,2.3084,0.8006,2.9899,0.9345,0.00
1.5560,3.00,2.3115,0.3174,2.9917,0.9337,0.00
1.5580,3.00,2.3133,0.6885,2.9936,0.9219,0.00
1.5600,3.00,2.3156,0.1485,2.9955,0.8250,0.00
1.5620,3.00,2.3159,0.5129,2.9971,0.6583,0.00
1.5640,3.00,2.3160,0.8738,2.9976,0.5460,0.00
1.5660,3.00,2.3176,0.5544,2.9966,0.5826,0.00
1.5680,3.00,2.3191,0.6032,2.9944,0.6672,0.00
1.5700,3.00,2.3207,0.6402,2.9916,0.7520,0.00
1.5720,3.00,2.3226,0.6537,2.9885,0.7672,0.00
1.5740,3.00,2.3247,0.3077,2.9853,0.7979,0.00
1.5760,3.00,2.3256,0.6551,2.9822,0.8706,0.00
1.5780,3.00,2.3269,0.4805,2.9794,0.9730,0.00
1.5800,3.00,2.3278,0.5677,2.9774,0.9320,0.00
1.5820,3.00,2.3286,0.3393,2.9759,0.8321,0.00
1.5840,3.00,2.3285,0.8429,2.9744,0.8336,0.00
1.5860,3.00,2.3296,0.3675,2.9730,0.8941,0.00
1.5880,3.00,2.3299,0.5217,2.9719,0.9678,0.00
1.5900,3.00,2.3299,0.9684,2.9714,0.9972,0.00
1.5920,3.00,2.3319,0.4866,2.9716,1.0224,0.00
1.5940,3.00,2.3333,0.4907,2.9726,1.0193,0.00
1.5960,3.00,2.3344,0.4056,2.9741,1.0394,0.00
1.5980,3.00,2.3347,0.8350,2.9763,1.0327,0.00
1.6000,3.00,2.3362,0.5933,2.9791,1.0465,0.00
1.6020,3.00,2.3378,0.6292,2.9824,0.9786,0.00
1.6040,3.00,2.3395,0.6435,2.9860,0.9392,0.00
1.6060,3.00,2.3415,0.4347,2.9895,0.9227,0.00
1.6080,3.00,2.3428,0.8375,2.9929,0.9864,0.00
1.6100,3.00,2.3452,0.8832,2.9965,1.0060,0.00
1.6120,3.00,2.3488,0.2691,3.0004,0.9253,0.00
1.6140,3.00,2.3508,0.3585,3.0041,0.8217,0.00
1.6160,3.00,2.3517,0.3904,3.0072,0.7851,0.00
1.6180,3.00,2.3518,0.7592,3.0097,0.7414,0.00
1.6200,3.00,2.3527,0.7096,3.0112,0.7052,0.00
1.6220,3.00,2.3542,0.3360,3.0119,0.7272,0.00
1.6240,3.00,2.3546,0.7633,3.0119,0.7868,0.00
1.6260,3.00,2.3559,0.3575,3.0114,0.7988,0.00
1.6280,3.00,2.3561,0.5837,3.0107,0.7996,0.00
1.6300,3.00,2.3564,1.0905,3.0096,0.8122,0.00
1.6320,3.00,2.3590,0.5277,3.0085,0.7488,0.00
1.6340,3.00,2.3612,0.4845,3.0068,0.7333,0.00
1.6360,3.00,2.3629,0.3325,3.0047,0.7325,0.00
1.6380,3.00,2.3634,0.5841,3.0022,0.7991,0.00
1.6400,3.00,2.3639,0.3595,2.9997,0.8017,0.00
1.6420,3.00,2.3634,0.8776,2.9970,0.8454,0.00
1.6440,3.00,2.3644,0.5487,2.9946,0.8265,0.00
1.6460,3.00,2.3652,0.6042,2.9922,0.8656,0.00
1.6480,3.00,2.3661,0.7677,2.9900,0.8492,0.00
1.6500,3.00,2.3678,0.6900,2.9880,0.7897,0.00
1.6520,3.00,2.3699,0.3083,2.9859,0.7718,0.00
1.6540,3.00,2.3707,0.7887,2.9835,0.7234,0.00
1.6560,3.00,2.3724,0.5248,2.9808,0.7185,0.00
1.6580,3.00,2.3737,0.4036,2.9777,0.7862,0.00
1.6600,3.00,2.3741,0.4554,2.9746,1.0218,0.00
1.6620,3.00,2.3740,1.1275,2.9726,1.1836,0.00
1.6640,3.00,2.3764,0.2240,2.9722,1.2356,0.00
1.6660,3.00,2.3771,0.6514,2.9736,1.1489,0.00
1.6680,3.00,2.3780,0.2450,2.9761,1.0558,0.00
1.6700,3.00,2.3774,0.8862,2.9792,1.0401,0.00
1.6720,3.00,2.3782,0.9339,2.9829,0.9994,0.00
1.6740,3.00,2.3806,0.4020,2.9867,0.9524,0.00
1.6760,3.00,2.3820,0.4887,2.9906,0.8387,0.00
1.6780,3.00,2.3829,0.7817,2.9940,0.7622,0.00
1.6800,3.00,2.3846,0.4063,2.9966,0.7381,0.00
1.6820,3.00,2.3855,1.1752,2.9984,0.7676,0.00
1.6840,3.00,2.3889,0.2654,2.9995,0.7841,0.00
1.6860,3.00,2.3906,0.3537,3.0001,0.7889,0.00
1.6880,3.00,2.3912,0.7417,3.0004,0.8024,0.00
1.6900,3.00,2.3924,0.7323,3.0002,0.8049,0.00
1.6920,3.00,2.3942,0.1957,2.9999,0.8074,0.00
1.6940,3.00,2.3942,0.6342,2.9992,0.8406,0.00
1.6960,3.00,2.3944,1.4608,2.9985,0.8954,0.00
1.6980,3.00,2.3985,-0.2604,2.9980,0.9447,0.00
1.7000,3.00,2.3985,0.6157,2.9979,0.8843,0.00
1.7020,3.00,2.3986,0.7625,2.9979,0.8152,0.00
1.7040,3.00,2.3996,0.5954,2.9976,0.8347,0.00
1.7060,3.00,2.4005,0.4056,2.9972,0.8712,0.00
1.7080,3.00,2.4005,0.5495,2.9968,0.8373,0.00
1.7100,3.00,2.4004,1.2058,2.9964,0.7980,0.00
1.7120,3.00,2.4031,0.3085,2.9957,0.8609,0.00
1.7140,3.00,2.4044,0.7251,2.9950,0.9551,0.00
1.7160,3.00,2.4061,0.7174,2.9948,0.9660,0.00
1.7180,3.00,2.4083,0.0762,2.9950,0.9713,0.00
1.7200,3.00,2.4080,1.0466,2.9957,0.9811,0.00
1.7220,3.00,2.4098,0.3970,2.9968,0.9481,0.00
1.7240,3.00,2.4106,0.6035,2.9982,0.8856,0.00
1.7260,3.00,2.4114,0.9313,2.9995,0.8930,0.00
1.7280,3.00,2.4136,0.4923,3.0007,0.8489,0.00
1.7300,3.00,2.4152,0.5656,3.0018,0.8751,0.00
1.7320,3.00,2.4166,0.7183,3.0028,0.8347,0.00
1.7340,3.00,2.4184,0.5137,3.0035,0.8365,0.00
1.7360,3.00,2.4198,0.7221,3.0039,0.8605,0.00
1.7380,3.00,2.4216,0.1465,3.0043,0.7912,0.00
1.7400,3.00,2.4212,0.7036,3.0043,0.7445,0.00
1.7420,3.00,2.4214,0.9754,3.0037,0.6492,0.00
1.7440,3.00,2.4233,0.3530,3.0022,0.7131,0.00
1.7460,3.00,2.4239,0.5789,3.0001,0.7817,0.00
1.7480,3.00,2.4244,0.8104,2.9979,0.8983,0.00
1.7500,3.00,2.4259,0.7874,2.9960,0.9429,0.00
1.7520,3.00,2.4281,0.1462,2.9946,0.9800,0.00
1.7540,3.00,2.4281,0.4616,2.9939,0.9446,0.00
1.7560,3.00,2.4275,0.9193,2.9935,0.8891,0.00
1.7580,3.00,2.4284,0.7225,2.9933,0.8832,0.00
1.7600,3.00,2.4298,1.0130,2.9933,0.9470,0.00
1.7620,3.00,2.4329,0.1974,2.9935,1.0303,0.00
1.7640,3.00,2.4340,0.6190,2.9945,1.0613,0.00
1.7660,3.00,2.4351,0.3535,2.9962,1.0460,0.00
1.7680,3.00,2.4350,0.9851,2.9986,0.9521,0.00
1.7700,3.00,2.4366,0.2717,3.0011,0.9340,0.00
1.7720,3.00,2.4367,0.5065,3.0036,0.9367,0.00
1.7740,3.00,2.4363,0.9062,3.0062,0.9692,0.00
1.7760,3.00,2.4373,0.6761,3.0089,0.9008,0.00
1.7780,3.00,2.4386,0.5179,3.0115,0.9015,0.00
1.7800,3.00,2.4394,0.4928,3.0139,0.8289,0.00
1.7820,3.00,2.4397,0.6386,3.0159,0.7768,0.00
1.7840,3.00,2.4401,0.7655,3.0172,0.7720,0.00
1.7860,3.00,2.4413,0.8265,3.0179,0.7696,0.00
1.7880,3.00,2.4433,0.3511,3.0181,0.7606,0.00
1.7900,3.00,2.4441,0.5285,3.0177,0.7300,0.00
1.7920,3.00,2.4444,0.8138,3.0167,0.8230,0.00
1.7940,3.00,2.4457,1.0782,3.0155,0.8743,0.00
1.7960,3.00,2.4489,0.3694,3.0145,0.9288,0.00
1.7980,3.00,2.4509,0.2423,3.0137,0.9679,0.00
1.8000,3.00,2.4510,0.7313,3.0135,0.9181,0.00
1.8020,3.00,2.4517,0.7962,3.0134,0.8740,0.00
1.8040,3.00,2.4532,0.7933,3.0134,0.9269,0.00
1.8060,3.00,2.4554,0.4443,3.0135,0.9569,0.00
1.8080,3.00,2.4567,0.4053,3.0141,0.9832,0.00
1.8100,3.00,2.4569,0.7190,3.0150,0.9555,0.00
1.8120,3.00,2.4577,0.7491,3.0162,0.9492,0.00
1.8140,3.00,2.4590,0.3445,3.0175,0.8152,0.00
1.8160,3.00,2.4590,0.9388,3.0185,0.6864,0.00
1.8180,3.00,2.4605,0.5415,3.0185,0.6275,0.00
1.8200,3.00,2.4615,1.1997,3.0174,0.6282,0.00
1.8220,3.00,2.4651,-0.2286,3.0152,0.7466,0.00
1.8240,3.00,2.4646,0.9293,3.0127,0.8202,0.00
1.8260,3.00,2.4656,0.6015,3.0102,0.8862,0.00
1.8280,3.00,2.4665,0.5694,3.0080,0.8946,0.00
1.8300,3.00,2.4671,0.9418,3.0061,0.8759,0.00
1.8320,3.00,2.4691,0.6271,3.0045,0.9297,0.00
1.8340,3.00,2.4710,0.6600,3.0032,0.9285,0.00
1.8360,3.00,2.4729,0.0006,3.0023,0.9675,0.00
1.8380,3.00,2.4720,1.2108,3.0019,1.0212,0.00
1.8400,3.00,2.4738,0.9262,3.0023,0.9802,0.00
1.8420,3.00,2.4768,0.3791,3.0030,0.9351,0.00
1.8440,3.00,2.4784,0.3988,3.0040,0.9101,0.00
1.8460,3.00,2.4790,0.8009,3.0051,0.8263,0.00
1.8480,3.00,2.4803,0.7537,3.0058,0.7899,0.00
1.8500,3.00,2.4821,0.5977,3.0061,0.8176,0.00
1.8520,3.00,2.4837,0.7270,3.0061,0.9056,0.00
1.8540,3.00,2.4856,0.0653,3.0063,1.0568,0.00
1.8560,3.00,2.4848,0.9129,3.0073,1.0431,0.00
1.8580,3.00,2.4854,1.2397,3.0089,1.0123,0.00
1.8600,3.00,2.4888,0.2122,3.0110,0.9369,0.00
1.8620,3.00,2.4900,0.8562,3.0131,0.8719,0.00
1.8640,3.00,2.4921,-0.0954,3.0150,0.8853,0.00
1.8660,3.00,2.4909,1.0374,3.0167,0.8926,0.00
1.8680,3.00,2.4916,0.9097,3.0184,0.8810,0.00
1.8700,3.00,2.4935,0.5887,3.0198,0.8761,0.00
1.8720,3.00,2.4952,0.1527,3.0212,0.7565,0.00
1.8740,3.00,2.4945,0.8012,3.0218,0.7000,0.00
1.8760,3.00,2.4947,0.9502,3.0215,0.6742,0.00
1.8780,3.00,2.4964,0.6724,3.0204,0.7689,0.00
1.8800,3.00,2.4981,0.7532,3.0189,0.8650,0.00
1.8820,3.00,2.5002,0.0934,3.0174,0.9209,0.00
1.8840,3.00,2.4998,0.9679,3.0163,0.8287,0.00
1.8860,3.00,2.5009,0.3508,3.0151,0.7434,0.00
1.8880,3.00,2.5007,0.7317,3.0134,0.6694,0.00
1.8900,3.00,2.5010,0.8171,3.0109,0.7022,0.00
1.8920,3.00,2.5021,0.1422,3.0079,0.7559,0.00
1.8940,3.00,2.5010,0.7513,3.0047,0.8188,0.00
1.8960,3.00,2.5005,1.0848,3.0016,0.8693,0.00
1.8980,3.00,2.5021,0.4829,2.9988,0.9105,0.00
1.9000,3.00,2.5030,0.7530,2.9964,0.9711,0.00
1.9020,3.00,2.5043,0.3298,2.9948,1.0692,0.00
1.9040,3.00,2.5041,0.8431,2.9942,1.0330,0.00
1.9060,3.00,2.5050,0.6933,2.9944,0.9749,0.00
1.9080,3.00,2.5060,1.2130,2.9950,0.8818,0.00
1.9100,3.00,2.5096,0.0369,2.9957,0.8955,0.00
1.9120,3.00,2.5102,0.7030,2.9964,0.9701,0.00
1.9140,3.00,2.5110,0.7395,2.9975,1.0177,0.00
1.9160,3.00,2.5123,0.9744,2.9991,1.0122,0.00
1.9180,3.00,2.5150,0.2910,3.0012,1.0052,0.00
1.9200,3.00,2.5159,0.7803,3.0037,1.0403,0.00
1.9220,3.00,2.5173,0.6584,3.0068,1.0451,0.00
1.9240,3.00,2.5188,0.5793,3.0102,1.0144,0.00
1.9260,3.00,2.5199,0.7999,3.0140,0.8954,0.00
1.9280,3.00,2.5216,-0.0374,3.0174,0.8395,0.00
1.9300,3.00,2.5201,1.2645,3.0203,0.7847,0.00
1.9320,3.00,2.5216,0.2862,3.0225,0.7934,0.00
1.9340,3.00,2.5214,0.3393,3.0241,0.7879,0.00
1.9360,3.00,2.5199,1.2201,3.0251,0.7923,0.00
1.9380,3.00,2.5212,0.4578,3.0256,0.8087,0.00
1.9400,3.00,2.5215,0.9619,3.0258,0.8146,0.00
1.9420,3.00,2.5233,0.5054,3.0256,0.8608,0.00
1.9440,3.00,2.5243,0.5599,3.0253,0.9165,0.00
1.9460,3.00,2.5249,0.6648,3.0252,0.9254,0.00
1.9480,3.00,2.5256,0.5545,3.0253,0.8616,0.00
1.9500,3.00,2.5258,0.7769,3.0253,0.7759,0.00
1.9520,3.00,2.5267,0.6858,3.0248,0.7135,0.00
1.9540,3.00,2.5276,0.8448,3.0236,0.7173,0.00
1.9560,3.00,2.5294,0.5316,3.0218,0.7433,0.00
1.9580,3.00,2.5306,0.4799,3.0195,0.7891,0.00
1.9600,3.00,2.5309,1.0062,3.0171,0.8424,0.00
1.9620,3.00,2.5329,0.5869,3.0148,0.8936,0.00
1.9640,3.00,2.5344,0.3535,3.0127,0.9169,0.00
1.9660,3.00,2.5345,0.8832,3.0111,0.8967,0.00
1.9680,3.00,2.5357,0.7118,3.0096,0.8651,0.00
1.9700,3.00,2.5370,0.5603,3.0083,0.8139,0.00
1.9720,3.00,2.5379,0.4976,3.0069,0.9095,0.00
1.9740,3.00,2.5381,0.9897,3.0058,0.9197,0.00
1.9760,3.00,2.5397,0.6478,3.0049,0.9132,0.00
1.9780,3.00,2.5413,0.2343,3.0044,0.8668,0.00
1.9800,3.00,2.5409,0.9552,3.0038,0.8530,0.00
1.9820,3.00,2.5419,0.1563,3.0033,0.8602,0.00
1.9840,3.00,2.5406,1.0806,3.0027,0.8158,0.00
1.9860,3.00,2.5414,0.7738,3.0020,0.8699,0.00
1.9880,3.00,2.5427,0.8939,3.0013,0.9178,0.00
1.9900,3.00,2.5450,0.2372,3.0009,0.9191,0.00
1.9920,3.00,2.5453,1.0371,3.0008,0.9349,0.00
1.9940,3.00,2.5472,-0.0562,3.0009,0.9802,0.00
1.9960,3.00,2.5459,1.2973,3.0015,1.0190,0.00
1.9980,3.00,2.5476,0.6731,3.0028,0.9524,0.00
2.0000,3.00,2.5492,1.0753,3.0042,0.9335,0.00
2.0020,3.00,2.5526,0.1472,3.0058,0.8817,0.00
2.0040,3.00,2.5535,0.5978,3.0073,0.9158,0.00
2.0060,3.00,2.5540,0.5740,3.0088,1.0091,0.00
2.0080,3.00,2.5541,0.6954,3.0108,1.0371,0.00
2.0100,3.00,2.5545,0.4782,3.0132,0.9939,0.00
2.0120,3.00,2.5540,1.0040,3.0160,1.0198,0.00
2.0140,3.00,2.5551,0.5506,3.0191,0.9768,0.00
2.0160,3.00,2.5558,0.7766,3.0223,0.9507,0.00
2.0180,3.00,2.5569,0.5798,3.0255,0.9616,0.00
2.0200,3.00,2.5575,1.0897,3.0288,0.9116,0.00
2.0220,3.00,2.5601,0.2105,3.0318,0.9051,0.00
2.0240,3.00,2.5605,0.7112,3.0346,0.8915,0.00
2.0260,3.00,2.5611,0.6645,3.0371,0.8862,0.00
2.0280,3.00,2.5617,0.3532,3.0394,0.8318,0.00
2.0300,3.00,2.5609,0.7522,3.0412,0.7648,0.00
2.0320,3.00,2.5606,1.0128,3.0422,0.6800,0.00
2.0340,3.00,2.5619,0.6533,3.0422,0.6803,0.00
2.0360,3.00,2.5631,0.8115,3.0412,0.6553,0.00
2.0380,3.00,2.5649,0.1516,3.0393,0.6052,0.00
2.0400,3.00,2.5643,0.3440,3.0363,0.6368,0.00
2.0420,3.00,2.5624,1.6625,3.0325,0.6838,0.00
2.0440,3.00,2.5651,0.3976,3.0282,0.7044,0.00
2.0460,3.00,2.5665,0.8462,3.0235,0.7226,0.00
2.0480,3.00,2.5685,0.8569,3.0185,0.7429,0.00
2.0500,3.00,2.5713,-0.0491,3.0135,0.7762,0.00
2.0520,3.00,2.5706,0.6185,3.0085,0.8422,0.00
2.0540,3.00,2.5699,1.2385,3.0038,0.9391,0.00
2.0560,3.00,2.5718,0.2998,2.9999,0.9345,0.00
2.0580,3.00,2.5719,0.7138,2.9967,0.9433,0.00
2.0600,3.00,2.5723,0.8888,2.9942,0.9090,0.00
2.0620,3.00,2.5736,0.4467,2.9921,0.8716,0.00
2.0640,3.00,2.5739,0.9828,2.9902,0.9129,0.00
2.0660,3.00,2.5756,0.4225,2.9887,0.9177,0.00
2.0680,3.00,2.5761,1.0017,2.9876,0.9153,0.00
2.0700,3.00,2.5780,0.5152,2.9868,0.8413,0.00
2.0720,3.00,2.5792,0.4565,2.9861,0.8225,0.00
2.0740,3.00,2.5793,0.8868,2.9852,0.8342,0.00
2.0760,3.00,2.5804,0.6622,2.9843,0.9113,0.00
2.0780,3.00,2.5814,0.3489,2.9837,0.9043,0.00
2.0800,3.00,2.5809,0.3241,2.9833,0.9773,0.00
2.0820,3.00,2.5789,1.5174,2.9835,1.0163,0.00
2.0840,3.00,2.5810,0.5873,2.9844,1.0003,0.00
2.0860,3.00,2.5825,0.5622,2.9858,0.8951,0.00
2.0880,3.00,2.5834,0.6039,2.9872,0.8986,0.00
2.0900,3.00,2.5840,0.8643,2.9886,0.9320,0.00
2.0920,3.00,2.5854,0.7604,2.9902,1.0330,0.00
2.0940,3.00,2.5871,0.3349,2.9924,0.9800,0.00
2.0960,3.00,2.5872,0.5611,2.9948,0.8966,0.00
2.0980,3.00,2.5868,1.1560,2.9972,0.8361,0.00
2.1000,3.00,2.5886,0.3959,2.9991,0.8137,0.00
2.1020,3.00,2.5891,0.4308,3.0007,0.7991,0.00
2.1040,3.00,2.5885,0.8316,3.0017,0.7841,0.00
2.1060,3.00,2.5886,1.3285,3.0023,0.8068,0.00
2.1080,3.00,2.5917,0.0797,3.0025,0.8439,0.00
2.1100,3.00,2.5919,0.4964,3.0026,0.8848,0.00
2.1120,3.00,2.5913,0.8729,3.0027,0.9225,0.00
2.1140,3.00,2.5917,0.5678,3.0031,0.9449,0.00
2.1160,3.00,2.5916,1.0176,3.0037,0.8835,0.00
2.1180,3.00,2.5931,0.5624,3.0043,0.8189,0.00
2.1200,3.00,2.5940,0.8673,3.0047,0.7812,0.00
2.1220,3.00,2.5957,0.3129,3.0045,0.7856,0.00
2.1240,3.00,2.5956,1.2064,3.0041,0.8556,0.00
2.1260,3.00,2.5979,0.3820,3.0035,0.9175,0.00
2.1280,3.00,2.5987,1.0608,3.0033,0.9521,0.00
2.1300,3.00,2.6012,0.6714,3.0034,0.8819,0.00
2.1320,3.00,2.6035,0.4438,3.0036,0.8270,0.00
2.1340,3.00,2.6045,1.0095,3.0035,0.7896,0.00
2.1360,3.00,2.6069,0.0302,3.0031,0.7831,0.00
2.1380,3.00,2.6062,0.7778,3.0023,0.7354,0.00
2.1400,3.00,2.6061,0.4014,3.0010,0.7159,0.00
2.1420,3.00,2.6047,1.1405,2.9992,0.6786,0.00
2.1440,3.00,2.6056,0.4086,2.9966,0.6910,0.00
2.1460,3.00,2.6052,0.7621,2.9936,0.7490,0.00
2.1480,3.00,2.6052,0.8636,2.9903,0.8260,0.00
2.1500,3.00,2.6061,0.7471,2.9872,0.8499,0.00
2.1520,3.00,2.6072,0.6900,2.9843,0.8127,0.00
2.1540,3.00,2.6083,0.3910,2.9815,0.7717,0.00
2.1560,3.00,2.6080,0.9287,2.9786,0.7268,0.00
2.1580,3.00,2.6089,0.3209,2.9754,0.7513,0.00
2.1600,3.00,2.6081,1.0305,2.9720,0.8591,0.00
2.1620,3.00,2.6090,0.8899,2.9690,0.9968,0.00
2.1640,3.00,2.6107,0.6208,2.9669,1.1027,0.00
2.1660,3.00,2.6121,0.1108,2.9662,1.0794,0.00
2.1680,3.00,2.6107,1.1612,2.9665,1.0212,0.00
2.1700,3.00,2.6117,0.6149,2.9675,0.9922,0.00
2.1720,3.00,2.6123,0.6584,2.9691,1.0017,0.00
2.1740,3.00,2.6128,0.9827,2.9712,0.9900,0.00
2.1760,3.00,2.6146,0.4332,2.9736,0.9568,0.00
2.1780,3.00,2.6151,0.4696,2.9763,0.9362,0.00
2.1800,3.00,2.6147,0.9896,2.9790,0.9253,0.00
2.1820,3.00,2.6156,0.4786,2.9818,0.9533,0.00
2.1840,3.00,2.6156,0.9403,2.9847,0.9865,0.00
2.1860,3.00,2.6168,0.7010,2.9879,0.9256,0.00
2.1880,3.00,2.6180,0.5114,2.9910,0.8644,0.00
2.1900,3.00,2.6183,0.5665,2.9938,0.8529,0.00
2.1920,3.00,2.6180,1.0314,2.9963,0.9146,0.00
2.1940,3.00,2.6194,0.6770,2.9987,0.9954,0.00
2.1960,3.00,2.6206,0.4390,3.0015,0.9525,0.00
2.1980,3.00,2.6206,1.0575,3.0043,0.9093,0.00
2.2000,3.00,2.6223,0.9288,3.0071,0.8824,0.00
2.2020,3.00,2.6249,0.1532,3.0096,0.8835,0.00
2.2040,3.00,2.6250,1.0483,3.0118,0.8584,0.00
2.2060,3.00,2.6266,0.2044,3.0138,0.8970,0.00
2.2080,3.00,2.6260,1.0245,3.0157,0.9058,0.00
2.2100,3.00,2.6269,0.8386,3.0175,0.7855,0.00
2.2120,3.00,2.6285,0.6843,3.0187,0.7543,0.00
2.2140,3.00,2.6299,0.4767,3.0192,0.7505,0.00
2.2160,3.00,2.6302,0.8429,3.0191,0.7472,0.00
2.2180,3.00,2.6312,0.6401,3.0184,0.8093,0.00
2.2200,3.00,2.6319,1.1757,3.0175,0.8209,0.00
2.2220,3.00,2.6347,0.3454,3.0164,0.8125,0.00
2.2240,3.00,2.6358,0.4760,3.0151,0.7827,0.00
2.2260,3.00,2.6358,0.9557,3.0135,0.8322,0.00
2.2280,3.00,2.6369,0.2248,3.0119,0.8851,0.00
2.2300,3.00,2.6360,1.0040,3.0105,0.8339,0.00
2.2320,3.00,2.6365,0.9735,3.0090,0.8285,0.00
2.2340,3.00,2.6382,0.3208,3.0075,0.7250,0.00
2.2360,3.00,2.6381,0.7710,3.0055,0.6898,0.00
2.2380,3.00,2.6384,0.8273,3.0028,0.6856,0.00
2.2400,3.00,2.6393,0.7216,2.9996,0.7127,0.00
2.2420,3.00,2.6403,0.5109,2.9960,0.7484,0.00
2.2440,3.00,2.6403,1.1212,2.9923,0.7609,0.00
2.2460,3.00,2.6423,0.5810,2.9884,0.8234,0.00
2.2480,3.00,2.6436,0.5227,2.9848,0.8683,0.00
2.2500,3.00,2.6440,0.8354,2.9815,0.8897,0.00
2.2520,3.00,2.6450,0.4972,2.9787,0.8756,0.00
2.2540,3.00,2.6451,1.0358,2.9763,0.8570,0.00
2.2560,3.00,2.6467,0.3049,2.9741,0.8528,0.00
2.2580,3.00,2.6464,0.5878,2.9720,0.8811,0.00
2.2600,3.00,2.6457,0.5663,2.9704,0.8963,0.00
2.2620,3.00,2.6444,0.8236,2.9690,0.9223,0.00
2.2640,3.00,2.6439,0.8592,2.9681,0.9729,0.00
2.2660,3.00,2.6442,0.5719,2.9678,0.9682,0.00
2.2680,3.00,2.6439,0.7101,2.9681,0.9903,0.00
2.2700,3.00,2.6437,0.6699,2.9690,0.9048,0.00
2.2720,3.00,2.6435,0.9491,2.9700,0.8840,0.00
2.2740,3.00,2.6444,0.9787,2.9710,0.9759,0.00
2.2760,3.00,2.6465,0.3375,2.9724,1.0480,0.00
2.2780,3.00,2.6468,0.6903,2.9746,1.1225,0.00
2.2800,3.00,2.6471,0.8912,2.9777,1.0736,0.00
2.2820,3.00,2.6483,0.3210,2.9815,1.0312,0.00
2.2840,3.00,2.6476,1.0589,2.9857,0.9957,0.00
2.2860,3.00,2.6487,0.8484,2.9900,1.0012,0.00
2.2880,3.00,2.6503,0.4911,2.9946,1.0075,0.00
2.2900,3.00,2.6509,0.6072,2.9993,0.9734,0.00
2.2920,3.00,2.6511,0.6697,3.0039,0.8959,0.00
2.2940,3.00,2.6511,0.7768,3.0083,0.8549,0.00
2.2960,3.00,2.6515,0.7368,3.0121,0.8078,0.00
2.2980,3.00,2.6520,1.1016,3.0152,0.7919,0.00
2.3000,3.00,2.6543,0.4535,3.0176,0.7913,0.00
2.3020,3.00,2.6552,0.6136,3.0194,0.7954,0.00
2.3040,3.00,2.6558,1.1546,3.0207,0.7795,0.00
2.3060,3.00,2.6583,0.1210,3.0213,0.7928,0.00
2.3080,3.00,2.6580,1.2542,3.0215,0.7292,0.00
2.3100,3.00,2.6602,0.3646,3.0210,0.7136,0.00
2.3120,3.00,2.6607,0.4517,3.0198,0.6947,0.00
2.3140,3.00,2.6600,0.7642,3.0179,0.6958,0.00
2.3160,3.00,2.6597,1.2848,3.0154,0.6251,0.00
2.3180,3.00,2.6620,0.1632,3.0120,0.5969,0.00
2.3200,3.00,2.6618,0.7413,3.0077,0.5754,0.00
2.3220,3.00,2.6617,0.9655,3.0025,0.6785,0.00
2.3240,3.00,2.6628,0.3588,2.9970,0.7382,0.00
2.3260,3.00,2.6623,0.9338,2.9914,0.7897,0.00
2.3280,3.00,2.6629,0.6189,2.9861,0.9474,0.00
2.3300,3.00,2.6631,1.0007,2.9816,1.0307,0.00
2.3320,3.00,2.6645,0.8125,2.9784,1.1428,0.00
2.3340,3.00,2.6664,0.3170,2.9767,1.1033,0.00
2.3360,3.00,2.6663,0.9512,2.9763,1.0427,0.00
2.3380,3.00,2.6674,0.5693,2.9768,0.8862,0.00
2.3400,3.00,2.6677,0.7839,2.9774,0.8878,0.00
2.3420,3.00,2.6684,0.5011,2.9780,0.9202,0.00
2.3440,3.00,2.6682,0.9181,2.9788,0.9849,0.00
2.3460,3.00,2.6689,0.7125,2.9801,1.0177,0.00
2.3480,3.00,2.6696,0.7417,2.9820,1.0138,0.00
2.3500,3.00,2.6703,0.6806,2.9844,0.9763,0.00
2.3520,3.00,2.6709,0.7918,2.9870,0.9642,0.00
2.3540,3.00,2.6719,0.7492,2.9899,0.8924,0.00
2.3560,3.00,2.6729,0.5667,2.9926,0.8712,0.00
2.3580,3.00,2.6733,0.7450,2.9950,0.8214,0.00
2.3600,3.00,2.6737,0.6871,2.9970,0.8203,0.00
2.3620,3.00,2.6741,0.6925,2.9986,0.8191,0.00
2.3640,3.00,2.6743,0.6114,2.9998,0.7779,0.00
2.3660,3.00,2.6741,1.0300,3.0004,0.7635,0.00
2.3680,3.00,2.6754,0.3942,3.0006,0.8734,0.00
2.3700,3.00,2.6752,0.7275,3.0007,0.8946,0.00
2.3720,3.00,2.6750,0.6888,3.0009,0.9606,0.00
2.3740,3.00,2.6748,0.9028,3.0015,0.8615,0.00
2.3760,3.00,2.6755,0.3707,3.0020,0.9177,0.00
2.3780,3.00,2.6747,1.0613,3.0027,0.9389,0.00
2.3800,3.00,2.6755,0.5636,3.0036,0.9743,0.00
2.3820,3.00,2.6756,0.8485,3.0048,0.9160,0.00
2.3840,3.00,2.6763,0.4743,3.0061,0.8747,0.00
2.3860,3.00,2.6759,1.1382,3.0073,0.8356,0.00
2.3880,3.00,2.6775,0.6366,3.0082,0.8959,0.00
2.3900,3.00,2.6786,0.7748,3.0092,0.8602,0.00
2.3920,3.00,2.6799,0.3161,3.0099,0.8070,0.00
2.3940,3.00,2.6793,0.7962,3.0103,0.7660,0.00
2.3960,3.00,2.6792,1.1509,3.0102,0.7603,0.00
2.3980,3.00,2.6810,0.4679,3.0095,0.8187,0.00
2.4000,3.00,2.6816,0.9322,3.0087,0.9341,0.00
2.4020,3.00,2.6831,0.4525,3.0082,0.8859,0.00
2.4040,3.00,2.6834,0.7925,3.0078,0.8839,0.00
2.4060,3.00,2.6840,0.5540,3.0075,0.8460,0.00
2.4080,3.00,2.6838,1.0592,3.0071,0.8345,0.00
2.4100,3.00,2.6852,0.6898,3.0066,0.9237,0.00
2.4120,3.00,2.6864,-0.0583,3.0063,0.9756,0.00
2.4140,3.00,2.6840,1.3494,3.0066,0.9264,0.00
2.4160,3.00,2.6847,0.7571,3.0070,0.8627,0.00
2.4180,3.00,2.6855,0.4191,3.0073,0.9051,0.00
2.4200,3.00,2.6850,0.9440,3.0078,0.9227,0.00
2.4220,3.00,2.6855,0.7871,3.0084,0.9335,0.00
2.4240,3.00,2.6864,0.7268,3.0092,0.9133,0.00
2.4260,3.00,2.6872,1.0535,3.0101,0.9248,0.00
2.4280,3.00,2.6895,0.4358,3.0112,0.8606,0.00
2.4300,3.00,2.6903,0.9591,3.0120,0.7926,0.00
2.4320,3.00,2.6921,-0.0070,3.0125,0.7531,0.00
2.4340,3.00,2.6905,1.0584,3.0123,0.7904,0.00
2.4360,3.00,2.6906,0.6361,3.0117,0.7705,0.00
2.4380,3.00,2.6904,0.6226,3.0108,0.7946,0.00
2.4400,3.00,2.6898,1.1086,3.0095,0.7802,0.00
2.4420,3.00,2.6910,0.8862,3.0080,0.7700,0.00
2.4440,3.00,2.6928,0.4025,3.0062,0.7998,0.00
2.4460,3.00,2.6931,0.8836,3.0042,0.8672,0.00
2.4480,3.00,2.6941,0.7713,3.0024,1.0197,0.00
2.4500,3.00,2.6953,0.7113,3.0014,1.0315,0.00
2.4520,3.00,2.6963,1.3982,3.0013,0.9282,0.00
2.4540,3.00,2.7003,0.2003,3.0014,0.8463,0.00
2.4560,3.00,2.7015,0.2281,3.0014,0.7860,0.00
2.4580,3.00,2.7005,0.8446,3.0010,0.8513,0.00
2.4600,3.00,2.7001,0.9036,3.0006,0.8223,0.00
2.4620,3.00,2.7006,0.8270,3.0000,0.7970,0.00
2.4640,3.00,2.7015,0.6689,2.9991,0.8007,0.00
2.4660,3.00,2.7022,0.4182,2.9980,0.8257,0.00
2.4680,3.00,2.7014,0.6158,2.9969,0.8852,0.00
2.4700,3.00,2.7002,0.9064,2.9959,0.9361,0.00
2.4720,3.00,2.7000,0.9798,2.9953,0.9117,0.00
2.4740,3.00,2.7009,0.3927,2.9950,0.9236,0.00
2.4760,3.00,2.7004,0.7127,2.9950,0.9730,0.00
2.4780,3.00,2.6998,1.1882,2.9954,0.9813,0.00
2.4800,3.00,2.7014,0.5267,2.9963,1.0345,0.00
2.4820,3.00,2.7020,0.7085,2.9978,1.0634,0.00
2.4840,3.00,2.7025,0.9004,3.0001,1.1011,0.00
2.4860,3.00,2.7037,0.6775,3.0032,1.0703,0.00
2.4880,3.00,2.7047,0.6158,3.0068,1.0239,0.00
2.4900,3.00,2.7050,0.7609,3.0107,0.9585,0.00
2.4920,3.00,2.7056,0.9373,3.0147,0.9416,0.00
2.4940,3.00,2.7070,0.7827,3.0185,1.0055,0.00
2.4960,3.00,2.7086,0.7139,3.0225,0.9586,0.00
2.4980,3.00,2.7099,0.7208,3.0264,0.9064,0.00
2.5000,3.00,2.7112,0.5087,3.0300,0.8754,0.00
2.5020,3.00,2.7113,0.8392,3.0332,0.8719,0.00
2.5040,3.00,2.7120,0.6741,3.0361,0.8528,0.00
2.5060,3.00,2.7123,0.8087,3.0385,0.8782,0.00
2.5080,3.00,2.7131,0.9419,3.0406,0.8778,0.00
2.5100,3.00,2.7147,0.0123,3.0424,0.8713,0.00
2.5120,3.00,2.7129,0.7479,3.0439,0.8382,0.00
2.5140,3.00,2.7115,1.3261,3.0451,0.7962,0.00
2.5160,3.00,2.7129,0.3714,3.0457,0.7234,0.00
2.5180,3.00,2.7125,0.9776,3.0455,0.6387,0.00
2.5200,3.00,2.7134,1.0615,3.0441,0.5280,0.00
2.5220,3.00,2.7156,0.4314,3.0413,0.5199,0.00
2.5240,3.00,2.7163,0.7877,3.0371,0.5605,0.00
2.5260,3.00,2.7173,0.8152,3.0319,0.6913,0.00
2.5280,3.00,2.7185,0.7050,3.0263,0.7626,0.00
2.5300,3.00,2.7195,0.7326,3.0207,0.7771,0.00
2.5320,3.00,2.7204,0.5125,3.0152,0.7303,0.00
2.5340,3.00,2.7203,0.8718,3.0096,0.7110,0.00
2.5360,3.00,2.7209,0.4744,3.0039,0.7340,0.00
2.5380,3.00,2.7202,1.1601,2.9981,0.8307,0.00
2.5400,3.00,2.7215,0.5416,2.9927,0.8154,0.00
2.5420,3.00,2.7219,0.8397,2.9876,0.7753,0.00
2.5440,3.00,2.7228,0.5234,2.9827,0.7788,0.00
2.5460,3.00,2.7226,1.1012,2.9778,0.8147,0.00
2.5480,3.00,2.7241,0.7565,2.9733,0.9449,0.00
2.5500,3.00,2.7256,0.4712,2.9696,0.9554,0.00
2.5520,3.00,2.7258,0.7156,2.9667,0.9673,0.00
2.5540,3.00,2.7259,0.8455,2.9646,0.9709,0.00
2.5560,3.00,2.7265,0.5865,2.9633,0.9067,0.00
2.5580,3.00,2.7264,0.8441,2.9623,0.8537,0.00
2.5600,3.00,2.7268,0.7496,2.9615,0.9597,0.00
2.5620,3.00,2.7272,0.4688,2.9612,1.0444,0.00
2.5640,3.00,2.7265,0.9022,2.9618,1.1136,0.00
2.5660,3.00,2.7266,1.1127,2.9635,1.1045,0.00
2.5680,3.00,2.7283,0.6551,2.9662,1.1365,0.00
2.5700,3.00,2.7296,0.6437,2.9699,1.1157,0.00
2.5720,3.00,2.7303,0.8681,2.9744,1.1208,0.00
2.5740,3.00,2.7316,0.7570,2.9796,1.0477,0.00
2.5760,3.00,2.7328,0.6984,2.9851,0.9728,0.00
2.5780,3.00,2.7338,0.2351,2.9906,0.8889,0.00
2.5800,3.00,2.7324,1.0902,2.9956,0.8286,0.00
2.5820,3.00,2.7328,0.6036,2.9999,0.8509,0.00
2.5840,3.00,2.7326,1.1279,3.0038,0.8933,0.00
2.5860,3.00,2.7341,0.7663,3.0073,0.9548,0.00
2.5880,3.00,2.7356,0.5602,3.0109,0.9262,0.00
2.5900,3.00,2.7362,0.6108,3.0143,0.9310,0.00
2.5920,3.00,2.7362,0.7552,3.0176,0.9625,0.00
2.5940,3.00,2.7363,0.7277,3.0210,0.9307,0.00
2.5960,3.00,2.7363,0.9070,3.0242,0.8858,0.00
2.5980,3.00,2.7371,0.7651,3.0272,0.8682,0.00
2.6000,3.00,2.7379,0.5258,3.0297,0.7994,0.00
2.6020,3.00,2.7377,0.7925,3.0317,0.7045,0.00
2.6040,3.00,2.7378,0.6916,3.0326,0.6772,0.00
2.6060,3.00,2.7377,1.0090,3.0325,0.6237,0.00
2.6080,3.00,2.7388,0.8715,3.0312,0.6302,0.00
2.6100,3.00,2.7404,0.6714,3.0289,0.6082,0.00
2.6120,3.00,2.7415,0.4649,3.0257,0.6192,0.00
2.6140,3.00,2.7413,1.0758,3.0215,0.7160,0.00
2.6160,3.00,2.7427,0.3231,3.0171,0.7938,0.00
2.6180,3.00,2.7420,0.5414,3.0127,0.8116,0.00
2.6200,3.00,2.7406,1.5900,3.0084,0.8085,0.00
2.6220,3.00,2.7430,0.2850,3.0043,0.8425,0.00
2.6240,3.00,2.7433,0.7028,3.0005,0.8844,0.00
2.6260,3.00,2.7433,0.8088,2.9971,0.8194,0.00
2.6280,3.00,2.7436,0.7799,2.9939,0.7940,0.00
2.6300,3.00,2.7441,0.9869,2.9906,0.7831,0.00
2.6320,3.00,2.7456,0.1503,2.9873,0.8143,0.00
2.6340,3.00,2.7444,1.3585,2.9841,0.9655,0.00
2.6360,3.00,2.7460,0.3255,2.9817,1.0575,0.00
2.6380,3.00,2.7457,1.1544,2.9804,1.0767,0.00
2.6400,3.00,2.7472,0.2828,2.9802,1.0257,0.00
2.6420,3.00,2.7465,0.8080,2.9807,0.8995,0.00
2.6440,3.00,2.7462,0.5125,2.9814,0.9132,0.00
2.6460,3.00,2.7449,1.1108,2.9823,0.8951,0.00
2.6480,3.00,2.7454,0.6034,2.9832,0.8590,0.00
2.6500,3.00,2.7452,0.9239,2.9840,0.7886,0.00
2.6520,3.00,2.7459,0.5593,2.9844,0.8236,0.00
2.6540,3.00,2.7456,0.8159,2.9846,0.8345,0.00
2.6560,3.00,2.7458,0.9816,2.9847,0.9824,0.00
2.6580,3.00,2.7470,0.8022,2.9852,1.0343,0.00
2.6600,3.00,2.7484,0.5739,2.9865,1.0987,0.00
2.6620,3.00,2.7488,0.9620,2.9887,1.0677,0.00
2.6640,3.00,2.7502,0.3749,2.9916,0.9998,0.00
2.6660,3.00,2.7499,0.8745,2.9948,0.9538,0.00
2.6680,3.00,2.7501,0.7333,2.9981,0.9606,0.00
2.6700,3.00,2.7503,0.7940,3.0015,0.9799,0.00
2.6720,3.00,2.7507,0.8800,3.0050,1.0738,0.00
2.6740,3.00,2.7517,0.7216,3.0090,1.0195,0.00
2.6760,3.00,2.7525,0.6931,3.0133,0.9773,0.00
2.6780,3.00,2.7530,0.5739,3.0176,0.9557,0.00
2.6800,3.00,2.7527,0.8501,3.0218,0.8964,0.00
2.6820,3.00,2.7528,0.9327,3.0257,0.7686,0.00
2.6840,3.00,2.7539,0.5276,3.0287,0.7418,0.00
2.6860,3.00,2.7538,0.7261,3.0307,0.6989,0.00
2.6880,3.00,2.7537,1.2342,3.0317,0.6681,0.00
2.6900,3.00,2.7557,0.5345,3.0316,0.6258,0.00
2.6920,3.00,2.7566,0.7799,3.0304,0.6524,0.00
2.6940,3.00,2.7576,0.4642,3.0282,0.6791,0.00
2.6960,3.00,2.7573,0.9957,3.0254,0.6538,0.00
2.6980,3.00,2.7580,0.3829,3.0218,0.6827,0.00
2.7000,3.00,2.7571,0.9962,3.0177,0.7250,0.00
2.7020,3.00,2.7574,0.4954,3.0133,0.7686,0.00
2.7040,3.00,2.7566,0.9030,3.0089,0.7486,0.00
2.7060,3.00,2.7565,0.8504,3.0043,0.7130,0.00
2.7080,3.00,2.7569,0.4845,2.9995,0.7850,0.00
2.7100,3.00,2.7561,1.1430,2.9948,0.7957,0.00
2.7120,3.00,2.7571,0.7143,2.9903,0.8410,0.00
2.7140,3.00,2.7579,0.6083,2.9861,0.8740,0.00
2.7160,3.00,2.7580,1.1179,2.9823,0.9537,0.00
2.7180,3.00,2.7598,0.6411,2.9794,0.9704,0.00
2.7200,3.00,2.7609,0.4994,2.9772,0.9654,0.00
2.7220,3.00,2.7608,0.6609,2.9757,0.8753,0.00
2.7240,3.00,2.7603,0.8323,2.9745,0.8547,0.00
2.7260,3.00,2.7603,0.9396,2.9734,0.9572,0.00
2.7280,3.00,2.7611,0.1633,2.9728,1.0849,0.00
2.7300,3.00,2.7592,1.4656,2.9733,1.0903,0.00
2.7320,3.00,2.7607,0.3463,2.9748,1.0476,0.00
2.7340,3.00,2.7603,1.5541,2.9770,1.0610,0.00
2.7360,3.00,2.7635,0.2959,2.9799,1.0986,0.00
2.7380,3.00,2.7643,0.9421,2.9836,1.1131,0.00
2.7400,3.00,2.7660,0.6308,2.9880,1.0988,0.00
2.7420,3.00,2.7669,0.7051,2.9930,1.1053,0.00
2.7440,3.00,2.7676,0.2584,2.9986,1.0642,0.00
2.7460,3.00,2.7660,1.2069,3.0045,0.9868,0.00
2.7480,3.00,2.7666,0.5580,3.0103,0.9599,0.00
2.7500,3.00,2.7663,0.7913,3.0159,0.9263,0.00
2.7520,3.00,2.7661,1.2913,3.0212,0.9055,0.00
2.7540,3.00,2.7684,0.0684,3.0260,0.8643,0.00
2.7560,3.00,2.7675,0.8587,3.0303,0.8790,0.00
2.7580,3.00,2.7671,0.8740,3.0341,0.8618,0.00
2.7600,3.00,2.7673,0.8623,3.0374,0.8432,0.00
2.7620,3.00,2.7680,0.9206,3.0402,0.7498,0.00
2.7640,3.00,2.7693,0.3324,3.0421,0.7991,0.00
2.7660,3.00,2.7687,0.9130,3.0433,0.7420,0.00
2.7680,3.00,2.7688,0.9302,3.0438,0.7375,0.00
2.7700,3.00,2.7697,0.4505,3.0435,0.6981,0.00
2.7720,3.00,2.7692,0.9864,3.0424,0.7386,0.00
2.7740,3.00,2.7698,0.7113,3.0407,0.7706,0.00
2.7760,3.00,2.7702,1.0743,3.0387,0.7550,0.00
2.7780,3.00,2.7719,0.5678,3.0362,0.7238,0.00
2.7800,3.00,2.7727,0.7251,3.0333,0.6816,0.00
2.7820,3.00,2.7732,0.7817,3.0297,0.7814,0.00
2.7840,3.00,2.7738,0.8432,3.0261,0.7842,0.00
2.7860,3.00,2.7748,0.6345,3.0223,0.8334,0.00
2.7880,3.00,2.7751,0.7014,3.0187,0.8232,0.00
2.7900,3.00,2.7752,0.6283,3.0152,0.8458,0.00
2.7920,3.00,2.7746,1.0858,3.0120,0.8462,0.00
2.7940,3.00,2.7757,0.6164,3.0089,0.7749,0.00
2.7960,3.00,2.7759,1.0615,3.0057,0.7987,0.00
2.7980,3.00,2.7776,0.5831,3.0024,0.8667,0.00
2.8000,3.00,2.7783,0.7572,2.9995,0.9287,0.00
2.8020,3.00,2.7789,0.7156,2.9971,0.9619,0.00
2.8040,3.00,2.7793,1.1401,2.9954,0.9501,0.00
2.8060,3.00,2.7814,0.5926,2.9942,0.9368,0.00
2.8080,3.00,2.7825,0.9956,2.9935,0.9623,0.00
2.8100,3.00,2.7845,0.0400,2.9932,0.9871,0.00
2.8120,3.00,2.7832,0.9874,2.9935,0.9605,0.00
2.8140,3.00,2.7830,0.8330,2.9942,0.9373,0.00
2.8160,3.00,2.7832,0.5605,2.9951,0.8807,0.00
2.8180,3.00,2.7824,1.3634,2.9960,0.9084,0.00
2.8200,3.00,2.7845,0.0404,2.9970,0.9286,0.00
2.8220,3.00,2.7831,1.3673,2.9982,0.9370,0.00
2.8240,3.00,2.7846,0.6587,2.9995,0.9726,0.00
2.8260,3.00,2.7854,0.4696,3.0012,0.9330,0.00
2.8280,3.00,2.7849,0.9253,3.0030,0.8034,0.00
2.8300,3.00,2.7852,0.7582,3.0043,0.7541,0.00
2.8320,3.00,2.7855,0.6633,3.0049,0.7377,0.00
2.8340,3.00,2.7853,1.0027,3.0049,0.7715,0.00
2.8360,3.00,2.7862,0.9538,3.0045,0.7710,0.00
2.8380,3.00,2.7878,0.3006,3.0036,0.9019,0.00
2.8400,3.00,2.7873,0.7480,3.0029,0.9640,0.00
2.8420,3.00,2.7868,0.9219,3.0028,1.0208,0.00
2.8440,3.00,2.7870,0.5455,3.0033,0.9571,0.00
2.8460,3.00,2.7862,0.7314,3.0041,0.8647,0.00
2.8480,3.00,2.7854,1.3056,3.0048,0.8738,0.00
2.8500,3.00,2.7871,0.4954,3.0055,0.8964,0.00
2.8520,3.00,2.7875,0.5738,3.0062,0.8811,0.00
2.8540,3.00,2.7869,1.0795,3.0068,0.8630,0.00
2.8560,3.00,2.7879,0.0920,3.0074,0.7905,0.00
2.8580,3.00,2.7858,1.0386,3.0075,0.8282,0.00
2.8600,3.00,2.7851,1.0358,3.0074,0.8593,0.00
2.8620,3.00,2.7857,0.9698,3.0073,0.8397,0.00
2.8640,3.00,2.7872,0.3410,3.0070,0.8153,0.00
2.8660,3.00,2.7867,1.2378,3.0064,0.7740,0.00
2.8680,3.00,2.7883,0.9808,3.0055,0.7437,0.00
2.8700,3.00,2.7908,0.3115,3.0041,0.7331,0.00
2.8720,3.00,2.7910,0.6378,3.0023,0.7073,0.00
2.8740,3.00,2.7907,0.5572,2.9999,0.7649,0.00
2.8760,3.00,2.7894,1.3790,2.9972,0.8092,0.00
2.8780,3.00,2.7911,0.3034,2.9946,0.7965,0.00
2.8800,3.00,2.7905,1.0340,2.9919,0.7822,0.00
2.8820,3.00,2.7912,0.8242,2.9891,0.8341,0.00
2.8840,3.00,2.7921,0.6456,2.9864,0.8592,0.00
2.8860,3.00,2.7924,1.0452,2.9840,0.8939,0.00
2.8880,3.00,2.7939,0.6360,2.9820,0.8865,0.00
2.8900,3.00,2.7947,0.4550,2.9803,0.9169,0.00
2.8920,3.00,2.7940,0.8691,2.9790,0.9853,0.00
2.8940,3.00,2.7939,0.9483,2.9785,0.9790,0.00
2.8960,3.00,2.7946,0.5417,2.9785,0.9598,0.00
2.8980,3.00,2.7942,0.9688,2.9789,0.9067,0.00
2.9000,3.00,2.7948,0.4504,2.9795,0.8365,0.00
2.9020,3.00,2.7939,1.0040,2.9800,0.8603,0.00
2.9040,3.00,2.7942,0.6487,2.9804,0.8424,0.00
2.9060,3.00,2.7940,1.2820,2.9807,0.9286,0.00
2.9080,3.00,2.7960,0.3182,2.9813,0.9742,0.00
2.9100,3.00,2.7959,1.2109,2.9823,1.0018,0.00
2.9120,3.00,2.7978,0.6440,2.9838,0.9876,0.00
2.9140,3.00,2.7989,0.9321,2.9858,1.0054,0.00
2.9160,3.00,2.8007,0.5421,2.9882,0.9304,0.00
2.9180,3.00,2.8013,1.1976,2.9907,0.9177,0.00
2.9200,3.00,2.8037,-0.0124,2.9931,0.8371,0.00
2.9220,3.00,2.8025,1.2347,2.9952,0.8319,0.00
2.9240,3.00,2.8034,0.6864,2.9969,0.8331,0.00
2.9260,3.00,2.8039,0.2524,2.9983,0.8965,0.00
2.9280,3.00,2.8020,1.0721,2.9996,0.9314,0.00
2.9300,3.00,2.8017,0.8569,3.0011,0.8547,0.00
2.9320,3.00,2.8018,0.7752,3.0024,0.8163,0.00
2.9340,3.00,2.8019,1.1077,3.0033,0.8428,0.00
2.9360,3.00,2.8035,0.5077,3.0040,0.9959,0.00
2.9380,3.00,2.8038,0.9036,3.0052,0.9980,0.00
2.9400,3.00,2.8047,0.4539,3.0068,0.9445,0.00
2.9420,3.00,2.8040,0.7705,3.0086,0.7635,0.00
2.9440,3.00,2.8035,1.1359,3.0097,0.7094,0.00
2.9460,3.00,2.8046,0.5657,3.0099,0.7830,0.00
2.9480,3.00,2.8047,0.8179,3.0097,0.8323,0.00
2.9500,3.00,2.8050,0.8019,3.0094,0.8783,0.00
2.9520,3.00,2.8055,0.6463,3.0091,0.9348,0.00
2.9540,3.00,2.8053,0.9705,3.0090,1.0120,0.00
2.9560,3.00,2.8060,0.8032,3.0096,1.0526,0.00
2.9580,3.00,2.8069,0.5693,3.0110,0.9638,0.00
2.9600,3.00,2.8067,1.1451,3.0126,0.8754,0.00
2.9620,3.00,2.8082,0.7402,3.0140,0.8958,0.00
2.9640,3.00,2.8095,0.6397,3.0154,0.9004,0.00
2.9660,3.00,2.8100,0.9261,3.0167,0.8837,0.00
2.9680,3.00,2.8111,0.4958,3.0179,0.8229,0.00
2.9700,3.00,2.8110,1.2480,3.0187,0.8526,0.00
2.9720,3.00,2.8129,0.3455,3.0194,0.8387,0.00
2.9740,3.00,2.8128,0.6590,3.0198,0.8837,0.00
2.9760,3.00,2.8121,1.1107,3.0201,0.7944,0.00
2.9780,3.00,2.8130,0.5969,3.0201,0.7565,0.00
2.9800,3.00,2.8131,0.5347,3.0195,0.7809,0.00
2.9820,3.00,2.8121,1.1192,3.0185,0.7598,0.00
2.9840,3.00,2.8127,0.8732,3.0171,0.7708,0.00
2.9860,3.00,2.8137,0.6274,3.0153,0.7361,0.00
2.9880,3.00,2.8139,0.2204,3.0131,0.7935,0.00
2.9900,3.00,2.8117,1.4639,3.0107,0.9546,0.00
2.9920,3.00,2.8127,0.7188,3.0090,1.0325,0.00
2.9940,3.00,2.8135,1.1421,3.0081,0.9716,0.00
2.9960,3.00,2.8157,0.3187,3.0077,0.8895,0.00
2.9980,3.00,2.8158,1.2056,3.0074,0.9223,0.00
3.0000,3.00,2.8177,0.5920,3.0074,0.8603,0.00
3.0020,3.00,2.8186,0.7733,3.0073,0.8586,0.00
3.0040,3.00,2.8194,1.0787,3.0071,0.8640,0.00
3.0060,3.00,2.8215,0.3339,3.0070,0.9324,0.00
3.0080,3.00,2.8214,1.0171,3.0071,0.9070,0.00
3.0100,3.00,2.8224,1.0648,3.0073,0.8843,0.00
3.0120,3.00,2.8246,0.4325,3.0076,0.8013,0.00
3.0140,3.00,2.8250,0.7862,3.0075,0.8534,0.00
3.0160,3.00,2.8254,1.2178,3.0073,0.9390,0.00
3.0180,3.00,2.8277,0.1128,3.0075,1.0607,0.00
3.0200,3.00,2.8268,0.5387,3.0084,1.1276,0.00
3.0220,3.00,2.8249,0.7264,3.0104,1.0797,0.00
3.0240,3.00,2.8229,1.4872,3.0131,1.0230,0.00
3.0260,3.00,2.8243,0.4185,3.0162,0.9751,0.00
3.0280,3.00,2.8240,0.9065,3.0194,0.8742,0.00
3.0300,3.00,2.8243,0.7490,3.0222,0.8779,0.00
3.0320,3.00,2.8244,0.7078,3.0248,0.9137,0.00
3.0340,3.00,2.8241,0.6656,3.0272,0.9472,0.00
3.0360,3.00,2.8234,1.1916,3.0296,0.9117,0.00
3.0380,3.00,2.8246,0.6917,3.0320,0.8789,0.00
3.0400,3.00,2.8253,0.5040,3.0340,0.7758,0.00
3.0420,3.00,2.8247,0.8468,3.0354,0.7455,0.00
3.0440,3.00,2.8245,0.7072,3.0360,0.7532,0.00
3.0460,3.00,2.8239,0.8384,3.0359,0.7665,0.00
3.0480,3.00,2.8237,0.5602,3.0353,0.7688,0.00
3.0500,3.00,2.8225,1.3748,3.0342,0.7065,0.00
3.0520,3.00,2.8241,0.7351,3.0324,0.7063,0.00
3.0540,3.00,2.8253,0.3952,3.0300,0.6812,0.00
3.0560,3.00,2.8247,1.1164,3.0269,0.6985,0.00
3.0580,3.00,2.8257,0.5128,3.0233,0.7024,0.00
3.0600,3.00,2.8254,1.0431,3.0193,0.6797,0.00
3.0620,3.00,2.8263,0.4190,3.0148,0.7490,0.00
3.0640,3.00,2.8254,0.8805,3.0101,0.7324,0.00
3.0660,3.00,2.8252,1.1608,3.0053,0.7503,0.00
3.0680,3.00,2.8266,0.9472,3.0004,0.7679,0.00
3.0700,3.00,2.8286,0.0533,2.9956,0.8347,0.00
3.0720,3.00,2.8272,1.1495,2.9911,0.8930,0.00
3.0740,3.00,2.8276,0.8963,2.9871,0.9588,0.00
3.0760,3.00,2.8285,0.7170,2.9840,0.9810,0.00
3.0780,3.00,2.8289,0.7523,2.9817,0.9809,0.00
3.0800,3.00,2.8292,0.8412,2.9802,0.9664,0.00
3.0820,3.00,2.8298,0.2407,2.9793,0.9310,0.00
3.0840,3.00,2.8279,0.8858,2.9788,0.9408,0.00
3.0860,3.00,2.8266,1.0784,2.9787,0.8800,0.00
3.0880,3.00,2.8268,0.6361,2.9788,0.9578,0.00
3.0900,3.00,2.8263,0.8485,2.9792,1.0044,0.00
3.0920,3.00,2.8262,0.6734,2.9803,1.0277,0.00
3.0940,3.00,2.8256,1.0480,2.9820,1.0945,0.00
3.0960,3.00,2.8262,0.1884,2.9846,1.1307,0.00
3.0980,3.00,2.8242,1.0480,2.9881,1.0899,0.00
3.1000,3.00,2.8235,0.9310,2.9923,1.0339,0.00
3.1020,3.00,2.8236,0.8815,2.9968,0.9857,0.00
3.1040,3.00,2.8242,0.6062,3.0013,0.9592,0.00
3.1060,3.00,2.8239,0.8909,3.0059,0.9786,0.00
3.1080,3.00,2.8241,0.5013,3.0104,0.8893,0.00
3.1100,3.00,2.8231,0.9563,3.0145,0.8087,0.00
3.1120,3.00,2.8230,0.7953,3.0180,0.7593,0.00
3.1140,3.00,2.8229,0.9991,3.0205,0.8273,0.00
3.1160,3.00,2.8239,0.5299,3.0226,0.8818,0.00
3.1180,3.00,2.8236,0.7373,3.0244,0.8699,0.00
3.1200,3.00,2.8232,1.2617,3.0260,0.8488,0.00
3.1220,3.00,2.8250,0.6355,3.0273,0.7427,0.00
3.1240,3.00,2.8259,0.7868,3.0278,0.7025,0.00
3.1260,3.00,2.8268,0.7930,3.0275,0.6059,0.00
3.1280,3.00,2.8277,0.4101,3.0260,0.6229,0.00
3.1300,3.00,2.8268,1.1330,3.0234,0.7115,0.00
3.1320,3.00,2.8276,0.7241,3.0204,0.8206,0.00
3.1340,3.00,2.8280,0.9506,3.0173,0.7982,0.00
3.1360,3.00,2.8292,0.4492,3.0143,0.6995,0.00
3.1380,3.00,2.8288,0.9344,3.0107,0.7396,0.00
3.1400,3.00,2.8291,0.8504,3.0069,0.8046,0.00
3.1420,3.00,2.8296,0.9029,3.0032,0.7947,0.00
3.1440,3.00,2.8307,0.7282,2.9995,0.7545,0.00
3.1460,3.00,2.8314,0.4398,2.9956,0.6839,0.00
3.1480,3.00,2.8305,1.0738,2.9913,0.7794,0.00
3.1500,3.00,2.8310,0.7207,2.9871,0.8938,0.00
3.1520,3.00,2.8311,1.1175,2.9834,0.9255,0.00
3.1540,3.00,2.8328,0.6598,2.9804,0.9025,0.00
3.1560,3.00,2.8337,0.7219,2.9779,0.8785,0.00
3.1580,3.00,2.8343,0.5226,2.9757,0.9604,0.00
3.1600,3.00,2.8336,1.1742,2.9742,0.9972,0.00
3.1620,3.00,2.8347,0.3622,2.9734,1.0221,0.00
3.1640,3.00,2.8339,1.2515,2.9735,0.9952,0.00
3.1660,3.00,2.8352,0.6683,2.9742,1.0405,0.00
3.1680,3.00,2.8359,0.6278,2.9756,1.0797,0.00
3.1700,3.00,2.8358,0.5247,2.9779,1.1614,0.00
3.1720,3.00,2.8345,0.9887,2.9813,1.1487,0.00
3.1740,3.00,2.8343,0.9990,2.9856,1.0361,0.00
3.1760,3.00,2.8351,0.6689,2.9903,0.9973,0.00
3.1780,3.00,2.8352,0.7868,2.9951,0.9847,0.00
3.1800,3.00,2.8354,0.9908,3.0000,0.9551,0.00
3.1820,3.00,2.8365,0.5215,3.0047,0.9544,0.00
3.1840,3.00,2.8362,1.0618,3.0093,0.8870,0.00
3.1860,3.00,2.8373,0.5306,3.0136,0.8332,0.00
3.1880,3.00,2.8371,0.8172,3.0172,0.7597,0.00
3.1900,3.00,2.8370,1.3665,3.0199,0.7179,0.00
3.1920,3.00,2.8396,0.1815,3.0216,0.7302,0.00
3.1940,3.00,2.8392,1.1939,3.0225,0.8146,0.00
3.1960,3.00,2.8406,0.2799,3.0230,0.8503,0.00
3.1980,3.00,2.8397,0.8945,3.0233,0.8154,0.00
3.2000,3.00,2.8393,1.0873,3.0233,0.7643,0.00
3.2020,3.00,2.8403,0.6710,3.0227,0.7162,0.00
3.2040,3.00,2.8407,0.6002,3.0215,0.6732,0.00
3.2060,3.00,2.8402,0.7474,3.0195,0.6737,0.00
3.2080,3.00,2.8396,0.8694,3.0167,0.6436,0.00
3.2100,3.00,2.8394,0.6080,3.0132,0.7056,0.00
3.2120,3.00,2.8384,1.3000,3.0093,0.8157,0.00
3.2140,3.00,2.8398,0.9189,3.0055,0.9124,0.00
3.2160,3.00,2.8417,0.5958,3.0022,0.9872,0.00
3.2180,3.00,2.8425,0.3973,2.9998,0.9420,0.00
3.2200,3.00,2.8415,1.1337,2.9980,0.9647,0.00
3.2220,3.00,2.8421,0.5406,2.9967,0.9731,0.00
3.2240,3.00,2.8416,0.5822,2.9961,0.9081,0.00
3.2260,3.00,2.8402,1.2105,2.9957,0.9043,0.00
3.2280,3.00,2.8408,0.5968,2.9955,0.8909,0.00
3.2300,3.00,2.8405,0.4394,2.9954,0.8516,0.00
3.2320,3.00,2.8387,1.2587,2.9953,0.8331,0.00
3.2340,3.00,2.8392,0.9219,2.9950,0.8919,0.00
3.2360,3.00,2.8402,0.5767,2.9948,1.0333,0.00
3.2380,3.00,2.8402,0.5931,2.9954,1.0919,0.00
3.2400,3.00,2.8393,1.1197,2.9970,1.0310,0.00
3.2420,3.00,2.8400,0.8161,2.9991,0.9745,0.00
3.2440,3.00,2.8408,0.5911,3.0015,0.9563,0.00
3.2460,3.00,2.8406,0.9782,3.0040,1.0026,0.00
3.2480,3.00,2.8413,0.8427,3.0068,0.9146,0.00
3.2500,3.00,2.8421,0.6046,3.0096,0.8999,0.00
3.2520,3.00,2.8421,0.8473,3.0121,0.9472,0.00
3.2540,3.00,2.8423,1.2789,3.0148,0.9258,0.00
3.2560,3.00,2.8446,0.2261,3.0174,0.9236,0.00
3.2580,3.00,2.8443,1.1195,3.0199,0.8653,0.00
3.2600,3.00,2.8454,0.6345,3.0221,0.9239,0.00
3.2620,3.00,2.8458,1.3804,3.0243,0.9730,0.00
3.2640,3.00,2.8487,0.1513,3.0266,0.9785,0.00
3.2660,3.00,2.8485,0.7491,3.0292,0.9575,0.00
3.2680,3.00,2.8481,0.7968,3.0318,0.9378,0.00
3.2700,3.00,2.8478,0.9111,3.0343,0.8847,0.00
3.2720,3.00,2.8480,1.0662,3.0366,0.7791,0.00
3.2740,3.00,2.8495,0.3190,3.0382,0.7202,0.00
3.2760,3.00,2.8487,0.7762,3.0389,0.7311,0.00
3.2780,3.00,2.8479,1.0318,3.0388,0.7769,0.00
3.2800,3.00,2.8483,0.7085,3.0382,0.8153,0.00
3.2820,3.00,2.8482,0.8756,3.0373,0.8589,0.00
3.2840,3.00,2.8486,1.1187,3.0364,0.8494,0.00
3.2860,3.00,2.8503,0.3815,3.0353,0.8573,0.00
3.2880,3.00,2.8501,0.6597,3.0343,0.7522,0.00
3.2900,3.00,2.8493,1.1940,3.0327,0.7017,0.00
3.2920,3.00,2.8503,0.7067,3.0305,0.7180,0.00
3.2940,3.00,2.8509,0.4183,3.0278,0.7801,0.00
3.2960,3.00,2.8497,1.3214,3.0248,0.7785,0.00
3.2980,3.00,2.8511,0.7338,3.0217,0.7562,0.00
3.3000,3.00,2.8520,0.4442,3.0184,0.7348,0.00
3.3020,3.00,2.8513,0.9064,3.0147,0.7792,0.00
3.3040,3.00,2.8511,0.3970,3.0110,0.8578,0.00
3.3060,3.00,2.8492,1.3307,3.0075,0.8904,0.00
3.3080,3.00,2.8499,1.0372,3.0045,0.8836,0.00
3.3100,3.00,2.8516,0.2082,3.0018,0.8647,0.00
3.3120,3.00,2.8506,1.0973,2.9994,0.8838,0.00
3.3140,3.00,2.8510,0.5018,2.9972,0.8706,0.00
3.3160,3.00,2.8501,0.8392,2.9953,0.8982,0.00
3.3180,3.00,2.8494,0.8902,2.9937,0.8568,0.00
3.3200,3.00,2.8493,0.8706,2.9923,0.8910,0.00
3.3220,3.00,2.8495,0.8070,2.9911,0.9406,0.00
3.3240,3.00,2.8498,0.6446,2.9903,0.8901,0.00
3.3260,3.00,2.8494,1.1661,2.9897,0.8370,0.00
3.3280,3.00,2.8507,0.2187,2.9891,0.7711,0.00
3.3300,3.00,2.8493,1.1043,2.9881,0.8262,0.00
3.3320,3.00,2.8494,1.2385,2.9871,0.8617,0.00
3.3340,3.00,2.8515,0.4822,2.9861,0.9891,0.00
3.3360,3.00,2.8521,1.3629,2.9858,1.0001,0.00
3.3380,3.00,2.8551,0.1856,2.9861,0.9977,0.00
3.3400,3.00,2.8551,1.2651,2.9870,0.9535,0.00
3.3420,3.00,2.8572,0.2319,2.9883,0.9297,0.00
3.3440,3.00,2.8565,0.7814,2.9897,0.9849,0.00
3.3460,3.00,2.8559,0.8825,2.9914,0.9149,0.00
3.3480,3.00,2.8557,0.6971,2.9933,0.8326,0.00
3.3500,3.00,2.8551,1.0412,2.9948,0.7841,0.00
3.3520,3.00,2.8557,0.7523,2.9958,0.8059,0.00
3.3540,3.00,2.8560,0.6191,2.9964,0.8753,0.00
3.3560,3.00,2.8555,1.1523,2.9969,0.8764,0.00
3.3580,3.00,2.8566,0.4920,2.9975,0.8908,0.00
3.3600,3.00,2.8563,0.9323,2.9981,0.9117,0.00
3.3620,3.00,2.8566,0.9379,2.9988,0.9227,0.00
3.3640,3.00,2.8575,0.5892,2.9997,0.9190,0.00
3.3660,3.00,2.8575,0.7983,3.0007,0.8764,0.00
3.3680,3.00,2.8574,1.0113,3.0017,0.8338,0.00
3.3700,3.00,2.8583,0.7759,3.0024,0.7984,0.00
3.3720,3.00,2.8590,0.9302,3.0027,0.8403,0.00
3.3740,3.00,2.8602,0.5644,3.0028,0.8487,0.00
3.3760,3.00,2.8603,0.9685,3.0028,0.8597,0.00
3.3780,3.00,2.8611,0.7514,3.0028,0.8463,0.00
3.3800,3.00,2.8617,0.5817,3.0026,0.8104,0.00
3.3820,3.00,2.8612,0.8150,3.0022,0.8107,0.00
3.3840,3.00,2.8608,0.9412,3.0016,0.8867,0.00
3.3860,3.00,2.8611,1.0221,3.0011,1.0241,0.00
3.3880,3.00,2.8624,0.9447,3.0013,1.0909,0.00
3.3900,3.00,2.8642,0.6339,3.0025,1.0881,0.00
3.3920,3.00,2.8651,0.4764,3.0045,1.0374,0.00
3.3940,3.00,2.8645,0.9884,3.0071,1.0063,0.00
3.3960,3.00,2.8648,0.8449,3.0100,0.9149,0.00
3.3980,3.00,2.8652,0.9753,3.0128,0.8490,0.00
3.4000,3.00,2.8664,0.5022,3.0152,0.9096,0.00
3.4020,3.00,2.8661,0.7839,3.0174,0.9433,0.00
3.4040,3.00,2.8658,1.1058,3.0198,0.9226,0.00
3.4060,3.00,2.8669,0.7624,3.0221,0.9627,0.00
3.4080,3.00,2.8677,0.3870,3.0245,1.0135,0.00
3.4100,3.00,2.8666,1.2072,3.0273,0.8955,0.00
3.4120,3.00,2.8674,0.8638,3.0298,0.7695,0.00
3.4140,3.00,2.8684,0.6018,3.0316,0.6304,0.00
3.4160,3.00,2.8684,0.8496,3.0320,0.5723,0.00
3.4180,3.00,2.8686,0.7154,3.0310,0.6522,0.00
3.4200,3.00,2.8684,0.9213,3.0291,0.8544,0.00
3.4220,3.00,2.8688,0.6510,3.0272,0.9552,0.00
3.4240,3.00,2.8684,1.1203,3.0258,0.9484,0.00
3.4260,3.00,2.8696,0.3524,3.0249,0.8973,0.00
3.4280,3.00,2.8686,1.1918,3.0241,0.8198,0.00
3.4300,3.00,2.8694,0.4895,3.0231,0.7952,0.00
3.4320,3.00,2.8688,0.8626,3.0218,0.6600,0.00
3.4340,3.00,2.8684,0.7863,3.0197,0.6629,0.00
3.4360,3.00,2.8681,1.1835,3.0168,0.6397,0.00
3.4380,3.00,2.8695,0.6184,3.0131,0.6745,0.00
3.4400,3.00,2.8699,0.7124,3.0089,0.6240,0.00
3.4420,3.00,2.8699,1.0632,3.0040,0.6486,0.00
3.4440,3.00,2.8711,0.8153,2.9986,0.6776,0.00
3.4460,3.00,2.8722,0.3761,2.9929,0.8067,0.00
3.4480,3.00,2.8713,0.8089,2.9875,0.8748,0.00
3.4500,3.00,2.8705,1.2166,2.9827,0.9523,0.00
3.4520,3.00,2.8716,0.8221,2.9787,0.9518,0.00
3.4540,3.00,2.8727,0.5376,2.9756,0.9602,0.00
3.4560,3.00,2.8725,1.1935,2.9732,0.9495,0.00
3.4580,3.00,2.8740,0.4634,2.9715,0.9327,0.00
3.4600,3.00,2.8739,0.8636,2.9703,0.9248,0.00
3.4620,3.00,2.8741,0.3796,2.9696,0.9462,0.00
3.4640,3.00,2.8723,1.2510,2.9693,0.9777,0.00
3.4660,3.00,2.8727,0.6871,2.9696,0.9868,0.00
3.4680,3.00,2.8726,0.7978,2.9704,1.0276,0.00
3.4700,3.00,2.8724,1.1125,2.9720,1.0620,0.00
3.4720,3.00,2.8737,0.4698,2.9743,1.0715,0.00
3.4740,3.00,2.8733,1.0930,2.9773,1.0458,0.00
3.4760,3.00,2.8742,0.2546,2.9809,1.0558,0.00
3.4780,3.00,2.8726,1.2356,2.9850,1.0655,0.00
3.4800,3.00,2.8731,0.3737,2.9896,1.0894,0.00
3.4820,3.00,2.8717,1.0328,2.9947,1.0958,0.00
3.4840,3.00,2.8713,0.8168,3.0003,1.0401,0.00
3.4860,3.00,2.8711,0.9407,3.0062,0.9379,0.00
3.4880,3.00,2.8715,0.6276,3.0117,0.9462,0.00
3.4900,3.00,2.8711,1.0319,3.0170,0.9844,0.00
3.4920,3.00,2.8718,0.4746,3.0222,0.9934,0.00
3.4940,3.00,2.8709,1.3882,3.0274,0.8873,0.00
3.4960,3.00,2.8727,1.0697,3.0321,0.7574,0.00
3.4980,3.00,2.8755,0.1783,3.0358,0.7098,0.00
3.5000,3.00,2.8753,1.2478,3.0383,0.6070,0.00
3.5020,3.00,2.8770,0.4322,3.0393,0.5523,0.00
3.5040,3.00,2.8769,0.7905,3.0386,0.6004,0.00
3.5060,3.00,2.8768,0.7428,3.0368,0.6882,0.00
3.5080,3.00,2.8764,1.1755,3.0342,0.7521,0.00
3.5100,3.00,2.8776,0.5177,3.0313,0.7363,0.00
3.5120,3.00,2.8775,0.9556,3.0280,0.7706,0.00
3.5140,3.00,2.8780,0.7248,3.0246,0.6904,0.00
3.5160,3.00,2.8782,0.7901,3.0206,0.6328,0.00
3.5180,3.00,2.8782,1.1198,3.0159,0.6976,0.00
3.5200,3.00,2.8796,0.4246,3.0109,0.7240,0.00
3.5220,3.00,2.8792,1.0831,3.0057,0.7718,0.00
3.5240,3.00,2.8801,0.3501,3.0006,0.7840,0.00
3.5260,3.00,2.8788,1.7153,2.9956,0.8394,0.00
3.5280,3.00,2.8817,0.2377,2.9910,0.8513,0.00
3.5300,3.00,2.8818,0.4838,2.9867,0.8100,0.00
3.5320,3.00,2.8804,0.7746,2.9827,0.7844,0.00
3.5340,3.00,2.8790,0.8234,2.9787,0.8059,0.00
3.5360,3.00,2.8778,1.5502,2.9749,0.8693,0.00
3.5380,3.00,2.8801,0.5339,2.9715,0.9098,0.00
3.5400,3.00,2.8809,0.4883,2.9687,0.8755,0.00
3.5420,3.00,2.8802,0.7616,2.9663,0.8273,0.00
3.5440,3.00,2.8793,0.8068,2.9640,0.8272,0.00
3.5460,3.00,2.8786,1.0337,2.9618,0.8342,0.00
3.5480,3.00,2.8789,0.5275,2.9598,0.8572,0.00
3.5500,3.00,2.8780,0.9377,2.9580,0.9126,0.00
3.5520,3.00,2.8777,0.6744,2.9567,0.9311,0.00
3.5540,3.00,2.8769,0.9341,2.9558,0.9428,0.00
3.5560,3.00,2.8767,0.6882,2.9555,0.9841,0.00
3.5580,3.00,2.8760,1.1408,2.9559,0.9769,0.00
3.5600,3.00,2.8769,1.1674,2.9567,0.9857,0.00
3.5620,3.00,2.8793,0.0498,2.9581,0.9114,0.00
3.5640,3.00,2.8781,0.8649,2.9597,0.9574,0.00
3.5660,3.00,2.8773,0.9678,2.9616,0.9678,0.00
3.5680,3.00,2.8772,0.9986,2.9638,1.0276,0.00
3.5700,3.00,2.8781,0.4893,2.9666,0.9359,0.00
3.5720,3.00,2.8774,0.8042,2.9694,0.9822,0.00
3.5740,3.00,2.8768,1.2098,2.9726,1.0141,0.00
3.5760,3.00,2.8780,0.9569,2.9762,1.0123,0.00
3.5780,3.00,2.8798,0.6971,2.9800,0.9844,0.00
3.5800,3.00,2.8810,0.8033,2.9841,0.9278,0.00
3.5820,3.00,2.8820,0.4779,2.9880,0.8705,0.00
3.5840,3.00,2.8814,1.0055,2.9916,0.8376,0.00
3.5860,3.00,2.8817,0.9818,2.9947,0.7728,0.00
3.5880,3.00,2.8828,0.6257,2.9971,0.7664,0.00
3.5900,3.00,2.8830,0.4477,2.9988,0.7402,0.00
3.5920,3.00,2.8816,1.2393,2.9997,0.6706,0.00
3.5940,3.00,2.8822,0.4728,2.9997,0.6600,0.00
3.5960,3.00,2.8812,0.8972,2.9987,0.7495,0.00
3.5980,3.00,2.8808,0.8820,2.9973,0.8152,0.00
3.6000,3.00,2.8807,0.7123,2.9958,0.8270,0.00
3.6020,3.00,2.8802,1.0265,2.9943,0.8097,0.00
3.6040,3.00,2.8807,0.9052,2.9927,0.7962,0.00
3.6060,3.00,2.8816,0.9400,2.9909,0.8162,0.00
3.6080,3.00,2.8830,0.4836,2.9891,0.7679,0.00
3.6100,3.00,2.8828,0.9881,2.9870,0.8001,0.00
3.6120,3.00,2.8835,0.6460,2.9848,0.8507,0.00
3.6140,3.00,2.8833,0.6567,2.9829,0.8970,0.00
3.6160,3.00,2.8825,0.9085,2.9812,0.9224,0.00
3.6180,3.00,2.8822,0.9760,2.9801,0.9198,0.00
3.6200,3.00,2.8827,0.9994,2.9793,0.9113,0.00
3.6220,3.00,2.8839,0.5099,2.9788,0.8720,0.00
3.6240,3.00,2.8838,1.1239,2.9784,0.9124,0.00
3.6260,3.00,2.8850,0.5203,2.9783,0.9179,0.00
3.6280,3.00,2.8848,0.6962,2.9785,0.9251,0.00
3.6300,3.00,2.8842,1.0393,2.9789,0.9703,0.00
3.6320,3.00,2.8846,1.0835,2.9798,0.9581,0.00
3.6340,3.00,2.8862,0.3404,2.9811,1.0036,0.00
3.6360,3.00,2.8855,1.1188,2.9828,0.9587,0.00
3.6380,3.00,2.8863,0.9297,2.9849,0.9162,0.00
3.6400,3.00,2.8875,0.4754,2.9869,0.8764,0.00
3.6420,3.00,2.8872,1.1526,2.9888,0.8549,0.00
3.6440,3.00,2.8883,0.6898,2.9905,0.7952,0.00
3.6460,3.00,2.8888,0.4969,2.9917,0.8039,0.00
3.6480,3.00,2.8879,0.9858,2.9925,0.8746,0.00
3.6500,3.00,2.8878,0.8349,2.9933,0.9516,0.00
3.6520,3.00,2.8879,0.8316,2.9944,0.9926,0.00
3.6540,3.00,2.8880,0.9206,2.9959,0.8734,0.00
3.6560,3.00,2.8886,0.9611,2.9973,0.7957,0.00
3.6580,3.00,2.8898,0.4037,2.9982,0.7793,0.00
3.6600,3.00,2.8891,0.9658,2.9987,0.8451,0.00
3.6620,3.00,2.8891,1.1582,2.9990,0.8978,0.00
3.6640,3.00,2.8907,0.8298,2.9994,0.8809,0.00
3.6660,3.00,2.8921,0.4400,2.9997,0.8811,0.00
3.6680,3.00,2.8918,1.0648,3.0002,0.8489,0.00
3.6700,3.00,2.8926,0.8459,3.0004,0.8671,0.00
3.6720,3.00,2.8935,0.7660,3.0007,0.8043,0.00
3.6740,3.00,2.8941,0.6803,3.0006,0.7893,0.00
3.6760,3.00,2.8940,0.9679,3.0001,0.7748,0.00
3.6780,3.00,2.8946,0.7025,2.9993,0.8126,0.00
3.6800,3.00,2.8947,0.9892,2.9983,0.8731,0.00
3.6820,3.00,2.8955,0.8074,2.9975,0.9517,0.00
3.6840,3.00,2.8962,0.8948,2.9971,0.8837,0.00
3.6860,3.00,2.8972,1.0921,2.9967,0.8851,0.00
3.6880,3.00,2.8993,0.2168,2.9965,0.9141,0.00
3.6900,3.00,2.8985,0.9672,2.9966,0.9289,0.00
3.6920,3.00,2.8985,0.7524,2.9969,0.8476,0.00
3.6940,3.00,2.8982,0.8039,2.9970,0.7779,0.00
3.6960,3.00,2.8979,1.4373,2.9968,0.7630,0.00
3.6980,3.00,2.9003,0.1378,2.9961,0.7834,0.00
3.7000,3.00,2.8995,1.0894,2.9951,0.7874,0.00
3.7020,3.00,2.9000,0.7935,2.9938,0.7866,0.00
3.7040,3.00,2.9003,0.5719,2.9923,0.7885,0.00
3.7060,3.00,2.8995,0.9925,2.9907,0.8525,0.00
3.7080,3.00,2.8996,0.7658,2.9891,0.9054,0.00
3.7100,3.00,2.8994,0.9391,2.9879,1.0392,0.00
3.7120,3.00,2.8998,0.7136,2.9875,1.0490,0.00
3.7140,3.00,2.8997,0.5143,2.9881,1.0569,0.00
3.7160,3.00,2.8982,1.3025,2.9894,0.9836,0.00
3.7180,3.00,2.8990,0.6947,2.9911,0.9321,0.00
3.7200,3.00,2.8993,0.7122,2.9930,0.9101,0.00
3.7220,3.00,2.8990,0.8591,2.9948,0.9366,0.00
3.7240,3.00,2.8989,0.5149,2.9968,0.9536,0.00
3.7260,3.00,2.8975,1.0371,2.9990,0.9381,0.00
3.7280,3.00,2.8972,0.7459,3.0013,0.8501,0.00
3.7300,3.00,2.8967,0.9931,3.0032,0.8381,0.00
3.7320,3.00,2.8970,1.1384,3.0048,0.7765,0.00
3.7340,3.00,2.8986,0.2526,3.0058,0.8146,0.00
3.7360,3.00,2.8976,1.0658,3.0065,0.8644,0.00
3.7380,3.00,2.8979,1.0041,3.0070,0.9182,0.00
3.7400,3.00,2.8989,0.5434,3.0077,0.9681,0.00
3.7420,3.00,2.8986,1.2910,3.0087,0.9175,0.00
3.7440,3.00,2.9004,0.9003,3.0099,0.8705,0.00
3.7460,3.00,2.9025,0.2380,3.0109,0.8390,0.00
3.7480,3.00,2.9017,1.2180,3.0116,0.8508,0.00
3.7500,3.00,2.9028,0.5267,3.0121,0.8574,0.00
3.7520,3.00,2.9025,0.6547,3.0125,0.8773,0.00
3.7540,3.00,2.9015,0.8452,3.0129,0.9268,0.00
3.7560,3.00,2.9007,0.9276,3.0135,0.9866,0.00
3.7580,3.00,2.9004,0.6400,3.0144,0.9652,0.00
3.7600,3.00,2.8994,1.2600,3.0157,0.9170,0.00
3.7620,3.00,2.9005,0.7634,3.0170,0.9244,0.00
3.7640,3.00,2.9012,0.7998,3.0184,0.9072,0.00
3.7660,3.00,2.9018,0.5747,3.0198,0.8431,0.00
3.7680,3.00,2.9012,0.9063,3.0209,0.8561,0.00
3.7700,3.00,2.9011,1.0031,3.0217,0.9108,0.00
3.7720,3.00,2.9018,0.5154,3.0226,0.9175,0.00
3.7740,3.00,2.9011,0.9844,3.0236,0.9451,0.00
3.7760,3.00,2.9012,0.9502,3.0247,0.9115,0.00
3.7780,3.00,2.9018,0.6566,3.0259,0.9125,0.00
3.7800,3.00,2.9017,1.0660,3.0271,0.8932,0.00
3.7820,3.00,2.9027,0.9269,3.0281,0.8312,0.00
3.7840,3.00,2.9041,0.6044,3.0289,0.7790,0.00
3.7860,3.00,2.9044,0.6403,3.0291,0.7641,0.00
3.7880,3.00,2.9038,0.7279,3.0287,0.7862,0.00
3.7900,3.00,2.9029,1.0022,3.0280,0.7992,0.00
3.7920,3.00,2.9029,0.8302,3.0269,0.7595,0.00
3.7940,3.00,2.9030,0.8427,3.0254,0.6790,0.00
3.7960,3.00,2.9031,0.6502,3.0231,0.6228,0.00
3.7980,3.00,2.9025,1.1348,3.0199,0.6738,0.00
3.8000,3.00,2.9034,0.6900,3.0161,0.7640,0.00
3.8020,3.00,2.9036,1.0142,3.0122,0.7934,0.00
3.8040,3.00,2.9046,0.4878,3.0082,0.7312,0.00
3.8060,3.00,2.9040,0.9553,3.0041,0.7064,0.00
3.8080,3.00,2.9042,0.6608,2.9996,0.7189,0.00
3.8100,3.00,2.9035,1.2739,2.9949,0.7258,0.00
3.8120,3.00,2.9050,0.4757,2.9901,0.7413,0.00
3.8140,3.00,2.9048,1.2181,2.9851,0.7815,0.00
3.8160,3.00,2.9064,0.5840,2.9803,0.8371,0.00
3.8180,3.00,2.9068,1.0028,2.9759,0.8307,0.00
3.8200,3.00,2.9079,0.4221,2.9718,0.8797,0.00
3.8220,3.00,2.9072,0.8743,2.9682,0.8837,0.00
3.8240,3.00,2.9067,0.9808,2.9652,0.9987,0.00
3.8260,3.00,2.9070,0.9027,2.9630,1.0202,0.00
3.8280,3.00,2.9077,0.6949,2.9619,1.0330,0.00
3.8300,3.00,2.9077,0.9849,2.9616,1.0406,0.00
3.8320,3.00,2.9084,0.9983,2.9623,1.0424,0.00
3.8340,3.00,2.9099,0.7369,2.9637,1.0328,0.00
3.8360,3.00,2.9108,1.0506,2.9658,0.9643,0.00
3.8380,3.00,2.9127,0.6391,2.9682,0.9633,0.00
3.8400,3.00,2.9135,0.0546,2.9708,0.9133,0.00
3.8420,3.00,2.9108,1.4465,2.9734,0.9119,0.00
3.8440,3.00,2.9112,0.8795,2.9761,0.9343,0.00
3.8460,3.00,2.9118,0.6038,2.9788,0.9249,0.00
3.8480,3.00,2.9113,0.8855,2.9815,0.9020,0.00
3.8500,3.00,2.9112,0.6879,2.9842,0.8097,0.00
3.8520,3.00,2.9105,0.9429,2.9863,0.7766,0.00
3.8540,3.00,2.9103,0.2522,2.9879,0.7623,0.00
3.8560,3.00,2.9077,1.5139,2.9888,0.8415,0.00
3.8580,3.00,2.9084,0.6895,2.9896,0.9047,0.00
3.8600,3.00,2.9084,1.2777,2.9904,1.0057,0.00
3.8620,3.00,2.9105,0.4058,2.9918,0.9999,0.00
3.8640,3.00,2.9105,1.0112,2.9937,1.0003,0.00
3.8660,3.00,2.9113,0.6212,2.9959,0.9723,0.00
3.8680,3.00,2.9111,0.8183,2.9984,1.0134,0.00
3.8700,3.00,2.9110,1.0986,3.0013,1.0473,0.00
3.8720,3.00,2.9121,0.5353,3.0047,1.0478,0.00
3.8740,3.00,2.9117,1.0582,3.0086,0.9755,0.00
3.8760,3.00,2.9125,0.3920,3.0125,0.9261,0.00
3.8780,3.00,2.9113,0.9503,3.0162,0.9070,0.00
3.8800,3.00,2.9107,0.7547,3.0197,0.8115,0.00
3.8820,3.00,2.9099,0.7679,3.0225,0.7835,0.00
3.8840,3.00,2.9090,1.4751,3.0246,0.7914,0.00
3.8860,3.00,2.9110,0.5309,3.0261,0.8285,0.00
3.8880,3.00,2.9115,0.2832,3.0272,0.8609,0.00
3.8900,3.00,2.9096,1.3049,3.0281,0.8926,0.00
3.8920,3.00,2.9100,0.8670,3.0289,0.8484,0.00
3.8940,3.00,2.9106,0.7376,3.0295,0.7498,0.00
3.8960,3.00,2.9107,0.7545,3.0294,0.7597,0.00
3.8980,3.00,2.9105,1.1300,3.0288,0.7416,0.00
3.9000,3.00,2.9117,0.1941,3.0276,0.7180,0.00
3.9020,3.00,2.9100,0.9164,3.0257,0.6912,0.00
3.9040,3.00,2.9088,0.9249,3.0232,0.7207,0.00
3.9060,3.00,2.9083,1.1717,3.0203,0.7748,0.00
3.9080,3.00,2.9093,0.5370,3.0171,0.8722,0.00
3.9100,3.00,2.9090,0.7400,3.0143,0.9313,0.00
3.9120,3.00,2.9083,1.0362,3.0119,0.9483,0.00
3.9140,3.00,2.9087,0.9238,3.0101,0.9434,0.00
3.9160,3.00,2.9094,0.9211,3.0088,0.9398,0.00
3.9180,3.00,2.9106,0.5812,3.0080,0.9614,0.00
3.9200,3.00,2.9105,0.6617,3.0075,0.9479,0.00
3.9220,3.00,2.9097,1.5156,3.0075,0.8738,0.00
3.9240,3.00,2.9121,0.1894,3.0075,0.8225,0.00
3.9260,3.00,2.9114,1.0028,3.0072,0.7824,0.00
3.9280,3.00,2.9116,0.9096,3.0066,0.8719,0.00
3.9300,3.00,2.9122,0.9685,3.0060,0.7856,0.00
3.9320,3.00,2.9133,0.9225,3.0051,0.8470,0.00
3.9340,3.00,2.9148,0.6401,3.0041,0.8731,0.00
3.9360,3.00,2.9153,0.9073,3.0033,0.8903,0.00
3.9380,3.00,2.9161,0.8926,3.0026,0.8940,0.00
3.9400,3.00,2.9171,0.5593,3.0021,0.9428,0.00
3.9420,3.00,2.9169,0.5052,3.0020,0.9123,0.00
3.9440,3.00,2.9152,1.3317,3.0020,0.9195,0.00
3.9460,3.00,2.9159,0.7462,3.0023,0.8562,0.00
3.9480,3.00,2.9163,0.8906,3.0025,0.8590,0.00
3.9500,3.00,2.9168,0.5313,3.0026,0.8263,0.00
3.9520,3.00,2.9160,1.0691,3.0025,0.7825,0.00
3.9540,3.00,2.9164,0.8864,3.0020,0.7536,0.00
3.9560,3.00,2.9170,0.7452,3.0010,0.8224,0.00
3.9580,3.00,2.9172,0.6593,2.9999,0.8750,0.00
3.9600,3.00,2.9166,0.7228,2.9990,0.9825,0.00
3.9620,3.00,2.9156,1.0284,2.9986,1.0261,0.00
3.9640,3.00,2.9156,0.7803,2.9990,0.9534,0.00
3.9660,3.00,2.9154,0.7051,2.9997,0.9291,0.00
3.9680,3.00,2.9147,1.2993,3.0006,0.9250,0.00
3.9700,3.00,2.9162,0.7034,3.0017,0.9955,0.00
3.9720,3.00,2.9169,0.5115,3.0032,0.9336,0.00
3.9740,3.00,2.9162,1.0231,3.0048,0.9173,0.00
3.9760,3.00,2.9165,0.6980,3.0065,0.8435,0.00
3.9780,3.00,2.9161,0.8578,3.0078,0.8687,0.00
3.9800,3.00,2.9159,0.9118,3.0091,0.8886,0.00
3.9820,3.00,2.9162,0.8452,3.0102,0.9320,0.00
3.9840,3.00,2.9165,0.5943,3.0115,0.9512,0.00
3.9860,3.00,2.9157,0.9345,3.0130,0.8915,0.00
3.9880,3.00,2.9155,0.7917,3.0144,0.8132,0.00
3.9900,3.00,2.9151,0.5752,3.0154,0.7829,0.00
3.9920,3.00,2.9137,1.3647,3.0158,0.7366,0.00
3.9940,3.00,2.9148,0.6282,3.0156,0.6642,0.00
3.9960,3.00,2.9149,1.3440,3.0145,0.7067,0.00
3.9980,3.00,2.9174,0.7133,3.0127,0.7693,0.00
4.0000,3.00,3.0190,0.1333,3.1106,0.7576,1.50
4.0020,3.00,3.1140,0.7471,3.2046,0.5280,1.50
4.0040,3.00,3.2052,-0.2814,3.2937,0.1949,1.50
4.0060,3.00,3.2883,0.9135,3.3767,-0.0865,1.50
4.0080,3.00,3.3690,0.1141,3.4526,-0.4591,1.50
4.0100,3.00,3.4438,0.2282,3.5202,-0.6977,1.50
4.0120,3.00,3.5136,0.6009,3.5792,-0.9433,1.50
4.0140,3.00,3.5802,0.2371,3.6291,-1.1450,1.50
4.0160,3.00,3.6422,0.8229,3.6698,-1.3898,1.50
4.0180,3.00,3.7025,0.1448,3.7010,-1.6592,1.50
4.0200,3.00,3.7579,0.3165,3.7226,-1.8514,1.50
4.0220,3.00,3.8097,0.4656,3.7345,-2.0629,1.50
4.0240,3.00,3.8586,0.2793,3.7369,-2.1629,1.50
4.0260,3.00,3.9040,0.5005,3.7302,-2.2487,1.50
4.0280,3.00,3.9470,0.5730,3.7152,-2.3262,1.50
4.0300,3.00,3.9882,-0.1974,3.6924,-2.4215,1.50
4.0320,3.00,4.0242,0.9276,3.6622,-2.4325,1.50
4.0340,3.00,4.0603,0.1544,3.6256,-2.3555,1.50
4.0360,3.00,4.0930,0.4685,3.5835,-2.2605,1.50
4.0380,3.00,4.1240,0.3701,3.5371,-2.1952,1.50
4.0400,3.00,4.1530,0.4782,3.4873,-2.1244,1.50
4.0420,3.00,4.1804,0.2224,3.4348,-1.9908,1.50
4.0440,3.00,4.2053,0.6555,3.3807,-1.8549,1.50
4.0460,3.00,4.2298,0.3661,3.3258,-1.7263,1.50
4.0480,3.00,4.2525,0.3390,3.2709,-1.5735,1.50
4.0500,3.00,4.2735,0.2918,3.2167,-1.4608,1.50
4.0520,3.00,4.2927,0.5569,3.1639,-1.2438,1.50
4.0540,3.00,4.3113,0.0236,3.1133,-1.0245,1.50
4.0560,3.00,4.3271,0.4977,3.0658,-0.8054,1.50
4.0580,3.00,4.3423,0.3898,3.0221,-0.6310,1.50
4.0600,3.00,4.3566,0.1462,2.9827,-0.5184,1.50
4.0620,3.00,4.3688,0.7195,2.9478,-0.3919,1.50
4.0640,3.00,4.3817,0.2905,2.9176,-0.3053,1.50
4.0660,3.00,4.3934,0.6008,2.8920,-0.1597,1.50
4.0680,3.00,4.4052,0.0547,2.8712,-0.0097,1.50
4.0700,3.00,4.4147,0.8320,2.8555,0.1621,1.50
4.0720,3.00,4.4256,-0.0090,2.8453,0.2491,1.50
4.0740,3.00,4.4339,0.2345,2.8403,0.2602,1.50
4.0760,3.00,4.4410,0.6129,2.8401,0.2183,1.50
4.0780,3.00,4.4487,-0.0909,2.8441,0.2473,1.50
4.0800,3.00,4.4538,1.1542,2.8519,0.2533,1.50
4.0820,3.00,4.4620,0.0466,2.8633,0.2562,1.50
4.0840,3.00,4.4681,0.3672,2.8777,0.1929,1.50
4.0860,3.00,4.4737,0.4146,2.8947,0.1242,1.50
4.0880,3.00,4.4791,0.2027,2.9136,0.0261,1.50
4.0900,3.00,4.4832,0.5002,2.9338,0.0685,1.50
4.0920,3.00,4.4877,0.1325,2.9552,0.0869,1.50
4.0940,3.00,4.4907,0.3480,2.9778,0.0603,1.50
4.0960,3.00,4.4935,0.1018,3.0013,-0.0992,1.50
4.0980,3.00,4.4948,1.0018,3.0248,-0.2833,1.50
4.1000,3.00,4.4990,0.6210,3.0474,-0.4432,1.50
4.1020,3.00,4.5039,-0.1973,3.0685,-0.5143,1.50
4.1040,3.00,4.5058,0.4511,3.0879,-0.5620,1.50
4.1060,3.00,4.5080,0.0475,3.1053,-0.5786,1.50
4.1080,3.00,4.5085,1.0916,3.1210,-0.6350,1.50
4.1100,3.00,4.5123,0.3145,3.1348,-0.6951,1.50
4.1120,3.00,4.5155,-0.0968,3.1466,-0.7683,1.50
4.1140,3.00,4.5163,0.4923,3.1563,-0.8105,1.50
4.1160,3.00,4.5176,0.1420,3.1637,-0.8697,1.50
4.1180,3.00,4.5177,0.6331,3.1690,-0.8025,1.50
4.1200,3.00,4.5191,0.3744,3.1726,-0.8062,1.50
4.1220,3.00,4.5204,-0.3209,3.1746,-0.8781,1.50
4.1240,3.00,4.5185,0.6278,3.1748,-0.9744,1.50
4.1260,3.00,4.5180,0.4503,3.1731,-0.9316,1.50
4.1280,3.00,4.5180,0.3313,3.1698,-0.8915,1.50
4.1300,3.00,4.5179,0.3155,3.1653,-0.9012,1.50
4.1320,3.00,4.5176,0.0091,3.1596,-0.9499,1.50
4.1340,3.00,4.5157,0.5881,3.1527,-0.9957,1.50
4.1360,3.00,4.5152,0.6875,3.1445,-1.0027,1.50
4.1380,3.00,4.5161,0.3262,3.1351,-0.9501,1.50
4.1400,3.00,4.5168,-0.0418,3.1249,-0.9649,1.50
4.1420,3.00,4.5156,0.5156,3.1140,-1.0237,1.50
4.1440,3.00,4.5153,0.2322,3.1021,-1.0524,1.50
4.1460,3.00,4.5145,0.0871,3.0893,-1.0393,1.50
4.1480,3.00,4.5125,0.6903,3.0758,-1.0191,1.50
4.1500,3.00,4.5123,0.3210,3.0617,-0.9410,1.50
4.1520,3.00,4.5120,0.2530,3.0475,-0.9178,1.50
4.1540,3.00,4.5112,0.1973,3.0333,-0.8772,1.50
4.1560,3.00,4.5098,0.7114,3.0194,-0.8247,1.50
4.1580,3.00,4.5102,0.2716,3.0060,-0.7045,1.50
4.1600,3.00,4.5102,0.1098,2.9935,-0.5518,1.50
4.1620,3.00,4.5091,0.2837,2.9827,-0.5218,1.50
4.1640,3.00,4.5078,0.1642,2.9734,-0.5162,1.50
4.1660,3.00,4.5059,0.3580,2.9657,-0.5116,1.50
4.1680,3.00,4.5042,0.1993,2.9593,-0.4624,1.50
4.1700,3.00,4.5020,0.4442,2.9544,-0.3834,1.50
4.1720,3.00,4.5005,0.5981,2.9511,-0.3998,1.50
4.1740,3.00,4.5003,-0.0380,2.9494,-0.3729,1.50
4.1760,3.00,4.4985,0.2235,2.9491,-0.3721,1.50
4.1780,3.00,4.4963,0.4815,2.9500,-0.3732,1.50
4.1800,3.00,4.4949,0.5031,2.9522,-0.4026,1.50
4.1820,3.00,4.4945,0.1266,2.9552,-0.2989,1.50
4.1840,3.00,4.4931,0.7225,2.9595,-0.3022,1.50
4.1860,3.00,4.4937,0.1258,2.9650,-0.4519,1.50
4.1880,3.00,4.4931,-0.1347,2.9707,-0.5741,1.50
4.1900,3.00,4.4906,0.2792,2.9763,-0.6408,1.50
4.1920,3.00,4.4881,0.4594,2.9812,-0.5652,1.50
4.1940,3.00,4.4864,0.2184,2.9860,-0.5023,1.50
4.1960,3.00,4.4844,0.4119,2.9910,-0.4963,1.50
4.1980,3.00,4.4829,0.2682,2.9960,-0.4947,1.50
4.2000,3.00,4.4814,-0.0399,3.0012,-0.4893,1.50
4.2020,3.00,4.4784,0.3467,3.0065,-0.4688,1.50
4.2040,3.00,4.4758,0.3554,3.0119,-0.4776,1.50
4.2060,3.00,4.4736,0.4711,3.0175,-0.5182,1.50
4.2080,3.00,4.4724,0.0028,3.0229,-0.5194,1.50
4.2100,3.00,4.4698,0.3473,3.0283,-0.5906,1.50
4.2120,3.00,4.4677,0.3975,3.0332,-0.6301,1.50
4.2140,3.00,4.4661,1.0102,3.0376,-0.6186,1.50
4.2160,3.00,4.4678,-0.4647,3.0415,-0.5720,1.50
4.2180,3.00,4.4658,0.5676,3.0451,-0.5584,1.50
4.2200,3.00,4.4652,-0.3940,3.0486,-0.5431,1.50
4.2220,3.00,4.4614,0.4902,3.0520,-0.5929,1.50
4.2240,3.00,4.4589,0.4659,3.0551,-0.6636,1.50
4.2260,3.00,4.4573,0.7979,3.0577,-0.7067,1.50
4.2280,3.00,4.4581,-0.4736,3.0594,-0.7170,1.50
4.2300,3.00,4.4552,0.5291,3.0605,-0.7695,1.50
4.2320,3.00,4.4537,0.2551,3.0607,-0.8446,1.50
4.2340,3.00,4.4521,0.1194,3.0598,-0.8669,1.50
4.2360,3.00,4.4499,0.6622,3.0578,-0.8123,1.50
4.2380,3.00,4.4495,0.2544,3.0551,-0.7733,1.50
4.2400,3.00,4.4489,0.1470,3.0518,-0.7682,1.50
4.2420,3.00,4.4476,-0.1490,3.0482,-0.6924,1.50
4.2440,3.00,4.4445,0.3766,3.0445,-0.6763,1.50
4.2460,3.00,4.4421,0.2879,3.0408,-0.6829,1.50
4.2480,3.00,4.4399,0.5940,3.0373,-0.6616,1.50
4.2500,3.00,4.4392,0.0991,3.0338,-0.6589,1.50
4.2520,3.00,4.4378,0.4003,3.0305,-0.5915,1.50
4.2540,3.00,4.4369,-0.0325,3.0276,-0.5791,1.50
4.2560,3.00,4.4347,0.2495,3.0251,-0.5478,1.50
4.2580,3.00,4.4326,0.6664,3.0232,-0.4653,1.50
4.2600,3.00,4.4323,-0.1930,3.0222,-0.4192,1.50
4.2620,3.00,4.4299,0.6170,3.0222,-0.5092,1.50
4.2640,3.00,4.4293,-0.1057,3.0226,-0.6725,1.50
4.2660,3.00,4.4269,0.2091,3.0228,-0.7506,1.50
4.2680,3.00,4.4245,0.2197,3.0223,-0.7421,1.50
4.2700,3.00,4.4220,0.2582,3.0214,-0.6445,1.50
4.2720,3.00,4.4197,0.5397,3.0204,-0.6488,1.50
4.2740,3.00,4.4188,0.1560,3.0194,-0.6017,1.50
4.2760,3.00,4.4174,0.3830,3.0186,-0.5907,1.50
4.2780,3.00,4.4167,-0.2001,3.0179,-0.5503,1.50
4.2800,3.00,4.4139,0.5762,3.0177,-0.5963,1.50
4.2820,3.00,4.4127,0.1025,3.0176,-0.7209,1.50
4.2840,3.00,4.4109,0.4050,3.0171,-0.7183,1.50
4.2860,3.00,4.4098,0.3133,3.0161,-0.6391,1.50
4.2880,3.00,4.4091,0.4788,3.0152,-0.5487,1.50
4.2900,3.00,4.4093,-0.3425,3.0147,-0.6240,1.50
4.2920,3.00,4.4067,0.2149,3.0143,-0.7489,1.50
4.2940,3.00,4.4042,0.5860,3.0133,-0.8556,1.50
4.2960,3.00,4.4034,-0.2099,3.0114,-0.8082,1.50
4.2980,3.00,4.4005,0.7600,3.0089,-0.7740,1.50
4.3000,3.00,4.4001,0.0761,3.0059,-0.7187,1.50
4.3020,3.00,4.3989,-0.1962,3.0029,-0.6669,1.50
4.3040,3.00,4.3958,0.7715,3.0000,-0.5697,1.50
4.3060,3.00,4.3953,-0.4108,2.9976,-0.5531,1.50
4.3080,3.00,4.3919,0.8902,2.9958,-0.6473,1.50
4.3100,3.00,4.3916,-0.2166,2.9941,-0.7416,1.50
4.3120,3.00,4.3892,0.4420,2.9921,-0.7604,1.50
4.3140,3.00,4.3879,0.2129,2.9898,-0.6420,1.50
4.3160,3.00,4.3865,-0.0033,2.9877,-0.5578,1.50
4.3180,3.00,4.3842,0.7269,2.9861,-0.4865,1.50
4.3200,3.00,4.3842,-0.2843,2.9853,-0.4542,1.50
4.3220,3.00,4.3817,0.2516,2.9855,-0.4793,1.50
4.3240,3.00,4.3796,0.0478,2.9863,-0.4660,1.50
4.3260,3.00,4.3768,0.3443,2.9878,-0.3841,1.50
4.3280,3.00,4.3747,0.3772,2.9903,-0.3661,1.50
4.3300,3.00,4.3734,-0.2026,2.9937,-0.3989,1.50
4.3320,3.00,4.3702,0.7580,2.9978,-0.4860,1.50
4.3340,3.00,4.3697,-0.1196,3.0022,-0.6228,1.50
4.3360,3.00,4.3676,0.4540,3.0061,-0.7284,1.50
4.3380,3.00,4.3667,-0.2645,3.0092,-0.7005,1.50
4.3400,3.00,4.3636,0.3034,3.0117,-0.6469,1.50
4.3420,3.00,4.3612,0.6926,3.0138,-0.6060,1.50
4.3440,3.00,4.3610,0.0296,3.0158,-0.6247,1.50
4.3460,3.00,4.3599,0.0423,3.0176,-0.7376,1.50
4.3480,3.00,4.3581,0.1734,3.0186,-0.7224,1.50
4.3500,3.00,4.3562,0.0343,3.0192,-0.6868,1.50
4.3520,3.00,4.3536,0.3244,3.0193,-0.5947,1.50
4.3540,3.00,4.3517,0.1170,3.0196,-0.6451,1.50
4.3560,3.00,4.3496,0.5562,3.0197,-0.6912,1.50
4.3580,3.00,4.3491,-0.3140,3.0195,-0.7918,1.50
4.3600,3.00,4.3462,0.3651,3.0185,-0.8473,1.50
4.3620,3.00,4.3443,0.1098,3.0166,-0.8269,1.50
4.3640,3.00,4.3420,0.3773,3.0140,-0.8183,1.50
4.3660,3.00,4.3407,0.0372,3.0108,-0.7742,1.50
4.3680,3.00,4.3387,0.2318,3.0073,-0.7369,1.50
4.3700,3.00,4.3370,0.3334,3.0036,-0.7065,1.50
4.3720,3.00,4.3360,0.0417,2.9999,-0.6961,1.50
4.3740,3.00,4.3343,0.4564,2.9963,-0.6465,1.50
4.3760,3.00,4.3338,-0.0091,2.9930,-0.6411,1.50
4.3780,3.00,4.3324,0.0826,2.9900,-0.6539,1.50
4.3800,3.00,4.3305,0.3550,2.9872,-0.6863,1.50
4.3820,3.00,4.3294,0.2778,2.9845,-0.7043,1.50
4.3840,3.00,4.3288,-0.2501,2.9817,-0.6555,1.50
4.3860,3.00,4.3261,0.6028,2.9792,-0.6230,1.50
4.3880,3.00,4.3255,0.3415,2.9769,-0.5757,1.50
4.3900,3.00,4.3256,-0.0628,2.9752,-0.5078,1.50
4.3920,3.00,4.3243,-0.0065,2.9743,-0.4262,1.50
4.3940,3.00,4.3223,0.0637,2.9744,-0.3539,1.50
4.3960,3.00,4.3198,0.3683,2.9758,-0.3539,1.50
4.3980,3.00,4.3184,-0.0977,2.9784,-0.3910,1.50
4.4000,3.00,4.3157,0.5631,2.9818,-0.3997,1.50
4.4020,3.00,4.3149,-0.4290,2.9859,-0.4446,1.50
4.4040,3.00,4.3114,0.4732,2.9905,-0.5068,1.50
4.4060,3.00,4.3095,0.0283,2.9952,-0.5550,1.50
4.4080,3.00,4.3070,0.4335,2.9997,-0.5304,1.50
4.4100,3.00,4.3059,0.1946,3.0043,-0.6020,1.50
4.4120,3.00,4.3048,-0.4889,3.0085,-0.6000,1.50
4.4140,3.00,4.3009,0.5757,3.0124,-0.6463,1.50
4.4160,3.00,4.2990,0.1933,3.0159,-0.6801,1.50
4.4180,3.00,4.2974,0.4453,3.0187,-0.7304,1.50
4.4200,3.00,4.2971,-0.1620,3.0207,-0.7579,1.50
4.4220,3.00,4.2952,0.3599,3.0219,-0.7525,1.50
4.4240,3.00,4.2943,0.0412,3.0225,-0.7628,1.50
4.4260,3.00,4.2929,0.0732,3.0223,-0.8304,1.50
4.4280,3.00,4.2911,0.2758,3.0212,-0.8437,1.50
4.4300,3.00,4.2899,0.2190,3.0191,-0.7482,1.50
4.4320,3.00,4.2889,0.2860,3.0168,-0.6769,1.50
4.4340,3.00,4.2885,-0.1666,3.0144,-0.6764,1.50
4.4360,3.00,4.2866,-0.3035,3.0120,-0.7495,1.50
4.4380,3.00,4.2828,0.4383,3.0093,-0.7555,1.50
4.4400,3.00,4.2805,0.2740,3.0063,-0.8089,1.50
4.4420,3.00,4.2789,0.0198,3.0028,-0.7202,1.50
4.4440,3.00,4.2768,0.3748,2.9992,-0.6314,1.50
4.4460,3.00,4.2757,0.2756,2.9959,-0.5352,1.50
4.4480,3.00,4.2753,-0.0455,2.9935,-0.4853,1.50
4.4500,3.00,4.2739,-0.0092,2.9919,-0.4531,1.50
4.4520,3.00,4.2718,-0.1036,2.9913,-0.4992,1.50
4.4540,3.00,4.2688,0.4256,2.9913,-0.4751,1.50
4.4560,3.00,4.2672,0.2009,2.9921,-0.5190,1.50
4.4580,3.00,4.2659,-0.2239,2.9933,-0.5484,1.50
4.4600,3.00,4.2631,0.2071,2.9947,-0.6379,1.50
4.4620,3.00,4.2607,0.0831,2.9960,-0.6923,1.50
4.4640,3.00,4.2582,0.6017,2.9969,-0.7216,1.50
4.4660,3.00,4.2580,0.3888,2.9973,-0.8338,1.50
4.4680,3.00,4.2587,-0.0573,2.9968,-0.8146,1.50
4.4700,3.00,4.2585,-0.0687,2.9955,-0.8179,1.50
4.4720,3.00,4.2572,-0.0516,2.9935,-0.6827,1.50
4.4740,3.00,4.2551,-0.0923,2.9915,-0.6505,1.50
4.4760,3.00,4.2521,0.6083,2.9896,-0.6070,1.50
4.4780,3.00,4.2514,0.0847,2.9880,-0.5986,1.50
4.4800,3.00,4.2505,0.1643,2.9868,-0.5594,1.50
4.4820,3.00,4.2497,-0.1825,2.9860,-0.5069,1.50
4.4840,3.00,4.2475,-0.1850,2.9859,-0.5325,1.50
4.4860,3.00,4.2441,0.1389,2.9862,-0.5512,1.50
4.4880,3.00,4.2409,0.4905,2.9870,-0.5253,1.50
4.4900,3.00,4.2396,-0.2614,2.9881,-0.5841,1.50
4.4920,3.00,4.2367,0.2548,2.9893,-0.5768,1.50
4.4940,3.00,4.2345,0.3980,2.9907,-0.5756,1.50
4.4960,3.00,4.2337,0.0637,2.9922,-0.5706,1.50
4.4980,3.00,4.2326,-0.1476,2.9939,-0.5751,1.50
4.5000,3.00,4.2304,0.0203,2.9956,-0.6219,1.50
4.5020,3.00,4.2278,0.2467,2.9972,-0.6365,1.50
4.5040,3.00,4.2261,0.0460,2.9987,-0.6402,1.50
4.5060,3.00,4.2240,0.5389,2.9999,-0.6734,1.50
4.5080,3.00,4.2240,-0.1378,3.0008,-0.7642,1.50
4.5100,3.00,4.2228,-0.0993,3.0011,-0.7881,1.50
4.5120,3.00,4.2206,-0.1431,3.0006,-0.7563,1.50
4.5140,3.00,4.2175,0.4580,2.9996,-0.7107,1.50
4.5160,3.00,4.2161,0.2926,2.9983,-0.5926,1.50
4.5180,3.00,4.2156,-0.0735,2.9973,-0.5693,1.50
4.5200,3.00,4.2143,-0.0877,2.9968,-0.5150,1.50
4.5220,3.00,4.2121,0.0144,2.9967,-0.5504,1.50
4.5240,3.00,4.2097,0.4291,2.9971,-0.6274,1.50
4.5260,3.00,4.2088,-0.1312,2.9974,-0.7210,1.50
4.5280,3.00,4.2069,0.3846,2.9973,-0.7606,1.50
4.5300,3.00,4.2064,-0.2501,2.9966,-0.6616,1.50
4.5320,3.00,4.2042,0.3065,2.9959,-0.6298,1.50
4.5340,3.00,4.2031,-0.4082,2.9953,-0.6554,1.50
4.5360,3.00,4.1998,0.3704,2.9946,-0.6703,1.50
4.5380,3.00,4.1980,0.5894,2.9938,-0.6836,1.50
4.5400,3.00,4.1984,-0.1496,2.9929,-0.5668,1.50
4.5420,3.00,4.1976,-0.3294,2.9923,-0.5768,1.50
4.5440,3.00,4.1949,-0.0526,2.9921,-0.4877,1.50
4.5460,3.00,4.1917,0.4258,2.9925,-0.4988,1.50
4.5480,3.00,4.1903,0.2724,2.9935,-0.4892,1.50
4.5500,3.00,4.1897,-0.0526,2.9951,-0.6139,1.50
4.5520,3.00,4.1884,0.2243,2.9966,-0.7071,1.50
4.5540,3.00,4.1878,0.2802,2.9976,-0.7815,1.50
4.5560,3.00,4.1880,-0.2119,2.9978,-0.6980,1.50
4.5580,3.00,4.1868,0.0812,2.9977,-0.6068,1.50
4.5600,3.00,4.1855,0.1305,2.9977,-0.5524,1.50
4.5620,3.00,4.1845,0.2165,2.9981,-0.5077,1.50
4.5640,3.00,4.1840,-0.4279,2.9990,-0.5146,1.50
4.5660,3.00,4.1813,0.6638,3.0003,-0.5186,1.50
4.5680,3.00,4.1813,0.0113,3.0019,-0.5477,1.50
4.5700,3.00,4.1808,-0.0345,3.0038,-0.5313,1.50
4.5720,3.00,4.1798,-0.0079,3.0059,-0.5548,1.50
4.5740,3.00,4.1784,0.0151,3.0081,-0.6270,1.50
4.5760,3.00,4.1768,0.0893,3.0101,-0.7203,1.50
4.5780,3.00,4.1752,-0.1271,3.0115,-0.6591,1.50
4.5800,3.00,4.1728,0.1837,3.0126,-0.6016,1.50
4.5820,3.00,4.1711,0.2438,3.0136,-0.5889,1.50
4.5840,3.00,4.1701,-0.0070,3.0148,-0.5910,1.50
4.5860,3.00,4.1688,-0.0283,3.0159,-0.7025,1.50
4.5880,3.00,4.1671,-0.0763,3.0166,-0.7579,1.50
4.5900,3.00,4.1648,0.3322,3.0165,-0.7575,1.50
4.5920,3.00,4.1638,-0.4803,3.0159,-0.7424,1.50
4.5940,3.00,4.1604,0.5122,3.0148,-0.7679,1.50
4.5960,3.00,4.1592,0.1297,3.0132,-0.6925,1.50
4.5980,3.00,4.1583,-0.3758,3.0114,-0.6911,1.50
4.6000,3.00,4.1554,0.4014,3.0095,-0.7269,1.50
4.6020,3.00,4.1543,0.1781,3.0074,-0.7353,1.50
4.6040,3.00,4.1536,0.1000,3.0049,-0.7335,1.50
4.6060,3.00,4.1531,0.0188,3.0023,-0.6880,1.50
4.6080,3.00,4.1524,-0.0476,2.9996,-0.7167,1.50
4.6100,3.00,4.1511,0.0963,2.9969,-0.6512,1.50
4.6120,3.00,4.1500,-0.2546,2.9943,-0.6587,1.50
4.6140,3.00,4.1475,0.0336,2.9918,-0.5910,1.50
4.6160,3.00,4.1451,0.6156,2.9898,-0.6379,1.50
4.6180,3.00,4.1453,-0.3067,2.9880,-0.5718,1.50
4.6200,3.00,4.1438,0.1505,2.9866,-0.6219,1.50
4.6220,3.00,4.1427,-0.3338,2.9855,-0.5696,1.50
4.6240,3.00,4.1400,0.2692,2.9848,-0.5802,1.50
4.6260,3.00,4.1384,-0.3110,2.9844,-0.5822,1.50
4.6280,3.00,4.1352,0.3050,2.9842,-0.5588,1.50
4.6300,3.00,4.1334,-0.1151,2.9845,-0.5037,1.50
4.6320,3.00,4.1310,0.4524,2.9853,-0.4845,1.50
4.6340,3.00,4.1305,-0.0102,2.9867,-0.4898,1.50
4.6360,3.00,4.1297,-0.1102,2.9887,-0.4623,1.50
4.6380,3.00,4.1282,0.4546,2.9912,-0.4785,1.50
4.6400,3.00,4.1286,-0.0915,2.9942,-0.5404,1.50
4.6420,3.00,4.1282,-0.2913,2.9972,-0.6557,1.50
4.6440,3.00,4.1263,0.1447,2.9999,-0.7101,1.50
4.6460,3.00,4.1249,0.1050,3.0019,-0.6979,1.50
4.6480,3.00,4.1238,-0.1410,3.0035,-0.6839,1.50
4.6500,3.00,4.1220,0.0106,3.0046,-0.7514,1.50
4.6520,3.00,4.1200,0.0258,3.0051,-0.7934,1.50
4.6540,3.00,4.1182,-0.0204,3.0048,-0.8117,1.50
4.6560,3.00,4.1162,-0.1378,3.0036,-0.7990,1.50
4.6580,3.00,4.1135,-0.3692,3.0019,-0.7480,1.50
4.6600,3.00,4.1092,0.3532,2.9998,-0.7464,1.50
4.6620,3.00,4.1067,0.3252,2.9974,-0.7166,1.50
4.6640,3.00,4.1056,-0.0466,2.9948,-0.7685,1.50
4.6660,3.00,4.1043,-0.2070,2.9919,-0.7634,1.50
4.6680,3.00,4.1019,0.5137,2.9887,-0.7461,1.50
4.6700,3.00,4.1019,-0.1796,2.9854,-0.6732,1.50
4.6720,3.00,4.1008,0.0287,2.9822,-0.6021,1.50
4.6740,3.00,4.0998,0.0222,2.9795,-0.5770,1.50
4.6760,3.00,4.0987,0.0577,2.9773,-0.5546,1.50
4.6780,3.00,4.0978,-0.3942,2.9758,-0.5188,1.50
4.6800,3.00,4.0951,0.3005,2.9750,-0.4967,1.50
4.6820,3.00,4.0938,-0.2320,2.9749,-0.5072,1.50
4.6840,3.00,4.0913,0.4036,2.9754,-0.5884,1.50
4.6860,3.00,4.0908,-0.4185,2.9761,-0.6746,1.50
4.6880,3.00,4.0883,0.0296,2.9766,-0.7237,1.50
4.6900,3.00,4.0860,0.3998,2.9766,-0.7474,1.50
4.6920,3.00,4.0855,0.2576,2.9762,-0.6898,1.50
4.6940,3.00,4.0861,-0.2314,2.9757,-0.6058,1.50
4.6960,3.00,4.0854,0.2340,2.9753,-0.5903,1.50
4.6980,3.00,4.0856,-0.3779,2.9752,-0.6449,1.50
4.7000,3.00,4.0839,0.0160,2.9752,-0.6059,1.50
4.7020,3.00,4.0824,0.1637,2.9753,-0.4845,1.50
4.7040,3.00,4.0816,-0.1877,2.9761,-0.3932,1.50
4.7060,3.00,4.0798,0.2799,2.9779,-0.3063,1.50
4.7080,3.00,4.0794,0.1921,2.9810,-0.3765,1.50
4.7100,3.00,4.0797,-0.5170,2.9850,-0.4630,1.50
4.7120,3.00,4.0775,-0.2590,2.9894,-0.5880,1.50
4.7140,3.00,4.0742,0.1960,2.9935,-0.6112,1.50
4.7160,3.00,4.0720,0.1864,2.9974,-0.6638,1.50
4.7180,3.00,4.0708,-0.4977,3.0007,-0.6267,1.50
4.7200,3.00,4.0674,0.3159,3.0037,-0.6847,1.50
4.7220,3.00,4.0656,-0.1895,3.0061,-0.6438,1.50
4.7240,3.00,4.0630,0.3595,3.0082,-0.6503,1.50
4.7260,3.00,4.0623,-0.2364,3.0100,-0.5553,1.50
4.7280,3.00,4.0604,0.1209,3.0120,-0.5278,1.50
4.7300,3.00,4.0593,-0.0603,3.0141,-0.5578,1.50
4.7320,3.00,4.0578,0.1749,3.0163,-0.6190,1.50
4.7340,3.00,4.0573,-0.0214,3.0184,-0.5785,1.50
4.7360,3.00,4.0566,-0.0911,3.0204,-0.5884,1.50
4.7380,3.00,4.0554,0.4687,3.0223,-0.6220,1.50
4.7400,3.00,4.0565,-0.5964,3.0241,-0.6252,1.50
4.7420,3.00,4.0546,0.1476,3.0256,-0.6312,1.50
4.7440,3.00,4.0536,-0.2969,3.0269,-0.6862,1.50
4.7460,3.00,4.0512,0.1128,3.0277,-0.7267,1.50
4.7480,3.00,4.0496,-0.2098,3.0280,-0.6959,1.50
4.7500,3.00,4.0471,0.3545,3.0279,-0.6285,1.50
4.7520,3.00,4.0464,-0.4796,3.0278,-0.5807,1.50
4.7540,3.00,4.0437,0.2796,3.0278,-0.5279,1.50
4.7560,3.00,4.0424,0.1904,3.0282,-0.5868,1.50
4.7580,3.00,4.0420,-0.1597,3.0287,-0.6955,1.50
4.7600,3.00,4.0410,-0.1240,3.0287,-0.7381,1.50
4.7620,3.00,4.0395,0.1932,3.0283,-0.7340,1.50
4.7640,3.00,4.0389,-0.2167,3.0273,-0.6601,1.50
4.7660,3.00,4.0375,-0.0962,3.0262,-0.6059,1.50
4.7680,3.00,4.0357,0.1652,3.0253,-0.6320,1.50
4.7700,3.00,4.0349,-0.0550,3.0244,-0.7249,1.50
4.7720,3.00,4.0339,-0.0533,3.0232,-0.8026,1.50
4.7740,3.00,4.0327,-0.2215,3.0212,-0.7895,1.50
4.7760,3.00,4.0307,0.2096,3.0186,-0.8150,1.50
4.7780,3.00,4.0298,-0.2711,3.0155,-0.8048,1.50
4.7800,3.00,4.0278,0.0172,3.0118,-0.7904,1.50
4.7820,3.00,4.0261,0.1209,3.0078,-0.7218,1.50
4.7840,3.00,4.0251,0.0638,3.0038,-0.6895,1.50
4.7860,3.00,4.0246,-0.1444,2.9999,-0.6500,1.50
4.7880,3.00,4.0235,0.0439,2.9962,-0.6602,1.50
4.7900,3.00,4.0227,-0.0991,2.9929,-0.7234,1.50
4.7920,3.00,4.0215,-0.0304,2.9894,-0.6714,1.50
4.7940,3.00,4.0204,-0.1212,2.9862,-0.6541,1.50
4.7960,3.00,4.0189,-0.1379,2.9831,-0.6640,1.50
4.7980,3.00,4.0170,-0.1106,2.9803,-0.6203,1.50
4.8000,3.00,4.0148,0.0714,2.9779,-0.6201,1.50
4.8020,3.00,4.0133,-0.2290,2.9758,-0.5845,1.50
4.8040,3.00,4.0109,0.2069,2.9741,-0.6525,1.50
4.8060,3.00,4.0098,-0.1057,2.9726,-0.5658,1.50
4.8080,3.00,4.0083,0.3002,2.9716,-0.4895,1.50
4.8100,3.00,4.0085,-0.6045,2.9713,-0.4655,1.50
4.8120,3.00,4.0060,0.3107,2.9719,-0.5126,1.50
4.8140,3.00,4.0052,-0.1226,2.9731,-0.5389,1.50
4.8160,3.00,4.0040,-0.2596,2.9745,-0.6252,1.50
4.8180,3.00,4.0019,-0.2147,2.9760,-0.6375,1.50
4.8200,3.00,3.9992,0.2678,2.9773,-0.6900,1.50
4.8220,3.00,3.9980,-0.0565,2.9782,-0.6471,1.50
4.8240,3.00,3.9968,0.1078,2.9790,-0.5483,1.50
4.8260,3.00,3.9963,-0.2681,2.9802,-0.5530,1.50
4.8280,3.00,3.9948,-0.1699,2.9816,-0.6049,1.50
4.8300,3.00,3.9928,0.0173,2.9831,-0.6835,1.50
4.8320,3.00,3.9912,0.1194,2.9842,-0.6613,1.50
4.8340,3.00,3.9904,-0.1724,2.9851,-0.6485,1.50
4.8360,3.00,3.9891,0.1825,2.9859,-0.5763,1.50
4.8380,3.00,3.9888,-0.3112,2.9868,-0.5277,1.50
4.8400,3.00,3.9873,0.5164,2.9882,-0.4811,1.50
4.8420,3.00,3.9884,-0.6741,2.9901,-0.5102,1.50
4.8440,3.00,3.9865,0.0576,2.9923,-0.5936,1.50
4.8460,3.00,3.9852,0.1495,2.9945,-0.6899,1.50
4.8480,3.00,3.9848,-0.3587,2.9963,-0.7233,1.50
4.8500,3.00,3.9831,0.2105,2.9975,-0.6592,1.50
4.8520,3.00,3.9825,-0.3142,2.9984,-0.6349,1.50
4.8540,3.00,3.9808,0.2747,2.9992,-0.6523,1.50
4.8560,3.00,3.9807,0.0005,2.9998,-0.6846,1.50
4.8580,3.00,3.9807,-0.6411,3.0002,-0.7541,1.50
4.8600,3.00,3.9780,0.1713,2.9999,-0.7265,1.50
4.8620,3.00,3.9765,-0.4155,2.9993,-0.6831,1.50
4.8640,3.00,3.9735,0.2820,2.9984,-0.6208,1.50
4.8660,3.00,3.9723,-0.0996,2.9977,-0.5973,1.50
4.8680,3.00,3.9709,0.0857,2.9973,-0.5611,1.50
4.8700,3.00,3.9702,-0.1110,2.9971,-0.5429,1.50
4.8720,3.00,3.9693,-0.1982,2.9974,-0.5463,1.50
4.8740,3.00,3.9678,-0.2321,2.9981,-0.5543,1.50
4.8760,3.00,3.9656,0.0483,2.9990,-0.5707,1.50
4.8780,3.00,3.9641,-0.1851,3.0001,-0.5738,1.50
4.8800,3.00,3.9621,0.3075,3.0013,-0.5889,1.50
4.8820,3.00,3.9619,-0.8226,3.0026,-0.6104,1.50
4.8840,3.00,3.9582,0.4833,3.0038,-0.6886,1.50
4.8860,3.00,3.9573,0.2983,3.0047,-0.6698,1.50
4.8880,3.00,3.9581,-0.4087,3.0053,-0.7018,1.50
4.8900,3.00,3.9572,0.1595,3.0054,-0.6232,1.50
4.8920,3.00,3.9573,-0.3532,3.0056,-0.6919,1.50
4.8940,3.00,3.9561,0.1404,3.0055,-0.6766,1.50
4.8960,3.00,3.9558,-0.3534,3.0052,-0.6857,1.50
4.8980,3.00,3.9542,-0.0528,3.0046,-0.6492,1.50
4.9000,3.00,3.9528,0.0929,3.0040,-0.6429,1.50
4.9020,3.00,3.9522,-0.3054,3.0034,-0.6257,1.50
4.9040,3.00,3.9505,0.1186,3.0029,-0.6651,1.50
4.9060,3.00,3.9498,-0.0965,3.0022,-0.6002,1.50
4.9080,3.00,3.9489,-0.0471,3.0018,-0.5991,1.50
4.9100,3.00,3.9482,-0.1181,3.0015,-0.5728,1.50
4.9120,3.00,3.9473,-0.0447,3.0015,-0.6099,1.50
4.9140,3.00,3.9466,-0.3523,3.0016,-0.5635,1.50
4.9160,3.00,3.9446,-0.1292,3.0020,-0.6341,1.50
4.9180,3.00,3.9425,-0.2091,3.0023,-0.7091,1.50
4.9200,3.00,3.9400,0.0275,3.0022,-0.7369,1.50
4.9220,3.00,3.9381,0.0760,3.0017,-0.6558,1.50
4.9240,3.00,3.9371,-0.0824,3.0010,-0.6530,1.50
4.9260,3.00,3.9361,-0.0534,3.0004,-0.6923,1.50
4.9280,3.00,3.9352,-0.4992,2.9995,-0.7463,1.50
4.9300,3.00,3.9325,0.3590,2.9982,-0.6857,1.50
4.9320,3.00,3.9320,0.0374,2.9968,-0.6678,1.50
4.9340,3.00,3.9320,-0.2147,2.9954,-0.6824,1.50
4.9360,3.00,3.9313,-0.0153,2.9939,-0.7136,1.50
4.9380,3.00,3.9310,-0.3639,2.9921,-0.7192,1.50
4.9400,3.00,3.9294,-0.1581,2.9902,-0.7119,1.50
4.9420,3.00,3.9275,-0.1226,2.9882,-0.6424,1.50
4.9440,3.00,3.9256,0.1019,2.9863,-0.6061,1.50
4.9460,3.00,3.9247,-0.0567,2.9847,-0.6094,1.50
4.9480,3.00,3.9240,-0.3524,2.9834,-0.6384,1.50
4.9500,3.00,3.9220,0.1621,2.9822,-0.6847,1.50
4.9520,3.00,3.9214,-0.2053,2.9810,-0.6958,1.50
4.9540,3.00,3.9202,0.3157,2.9796,-0.6984,1.50
4.9560,3.00,3.9209,-0.3077,2.9782,-0.6661,1.50
4.9580,3.00,3.9205,-0.1200,2.9767,-0.7246,1.50
4.9600,3.00,3.9199,-0.7246,2.9750,-0.6461,1.50
4.9620,3.00,3.9165,0.4943,2.9735,-0.5674,1.50
4.9640,3.00,3.9160,-0.1898,2.9725,-0.5121,1.50
4.9660,3.00,3.9151,-0.0105,2.9722,-0.4522,1.50
4.9680,3.00,3.9145,-0.3015,2.9727,-0.5221,1.50
4.9700,3.00,3.9131,-0.5580,2.9738,-0.5571,1.50
4.9720,3.00,3.9096,0.1900,2.9751,-0.6166,1.50
4.9740,3.00,3.9078,0.2289,2.9764,-0.5641,1.50
4.9760,3.00,3.9075,-0.4299,2.9779,-0.5670,1.50
4.9780,3.00,3.9057,-0.1789,2.9796,-0.5633,1.50
4.9800,3.00,3.9037,-0.2830,2.9815,-0.5683,1.50
4.9820,3.00,3.9010,-0.2945,2.9835,-0.6363,1.50
4.9840,3.00,3.8977,0.2248,2.9853,-0.6948,1.50
4.9860,3.00,3.8962,0.1085,2.9867,-0.7189,1.50
4.9880,3.00,3.8957,-0.3094,2.9876,-0.6609,1.50
4.9900,3.00,3.8943,-0.1715,2.9883,-0.5423,1.50
4.9920,3.00,3.8927,-0.0610,2.9893,-0.4537,1.50
4.9940,3.00,3.8914,-0.0830,2.9911,-0.4749,1.50
4.9960,3.00,3.8903,0.1106,2.9934,-0.4222,1.50
4.9980,3.00,3.8902,-0.7359,2.9964,-0.4298,1.50
5.0000,3.00,3.8873,0.1398,3.0000,-0.4071,1.50
5.0020,3.00,3.8858,-0.0434,3.0042,-0.5429,1.50
5.0040,3.00,3.8847,-0.2096,3.0084,-0.5818,1.50
5.0060,3.00,3.8832,0.1398,3.0123,-0.6704,1.50
5.0080,3.00,3.8829,-0.3222,3.0157,-0.7085,1.50
5.0100,3.00,3.8816,0.1285,3.0183,-0.7179,1.50
5.0120,3.00,3.8816,-0.1724,3.0203,-0.6715,1.50
5.0140,3.00,3.8812,-0.3032,3.0218,-0.6473,1.50
5.0160,3.00,3.8799,0.0947,3.0230,-0.6504,1.50
5.0180,3.00,3.8797,-0.3052,3.0240,-0.6833,1.50
5.0200,3.00,3.8785,-0.3543,3.0245,-0.6952,1.50
5.0220,3.00,3.8764,0.3984,3.0247,-0.6782,1.50
5.0240,3.00,3.8768,-0.5408,3.0246,-0.7347,1.50
5.0260,3.00,3.8751,0.0718,3.0239,-0.7528,1.50
5.0280,3.00,3.8745,-0.4856,3.0228,-0.7416,1.50
5.0300,3.00,3.8722,-0.0997,3.0212,-0.7019,1.50
5.0320,3.00,3.8702,0.0205,3.0194,-0.7083,1.50
5.0340,3.00,3.8690,0.0096,3.0173,-0.7246,1.50
5.0360,3.00,3.8684,-0.3645,3.0151,-0.7483,1.50
5.0380,3.00,3.8668,-0.1950,3.0124,-0.7770,1.50
5.0400,3.00,3.8649,0.2900,3.0094,-0.8095,1.50
5.0420,3.00,3.8651,-0.2164,3.0058,-0.7890,1.50
5.0440,3.00,3.8647,-0.3818,3.0019,-0.7730,1.50
5.0460,3.00,3.8633,0.1368,2.9977,-0.7300,1.50
5.0480,3.00,3.8630,-0.2964,2.9935,-0.7049,1.50
5.0500,3.00,3.8620,-0.0161,2.9895,-0.6408,1.50
5.0520,3.00,3.8615,-0.6885,2.9857,-0.5745,1.50
5.0540,3.00,3.8586,0.1172,2.9827,-0.5744,1.50
5.0560,3.00,3.8570,0.0756,2.9802,-0.5531,1.50
5.0580,3.00,3.8564,-0.2283,2.9784,-0.6093,1.50
5.0600,3.00,3.8554,-0.3897,2.9769,-0.6001,1.50
5.0620,3.00,3.8533,0.2075,2.9757,-0.5463,1.50
5.0640,3.00,3.8528,-0.5226,2.9751,-0.5186,1.50
5.0660,3.00,3.8507,0.1905,2.9751,-0.4671,1.50
5.0680,3.00,3.8501,-0.3651,2.9758,-0.4963,1.50
5.0700,3.00,3.8485,0.1365,2.9772,-0.4203,1.50
5.0720,3.00,3.8483,-0.1429,2.9794,-0.3802,1.50
5.0740,3.00,3.8480,-0.5858,2.9825,-0.4196,1.50
5.0760,3.00,3.8456,0.3479,2.9863,-0.5379,1.50
5.0780,3.00,3.8456,0.0149,2.9902,-0.5944,1.50
5.0800,3.00,3.8463,-0.7116,2.9938,-0.6190,1.50
5.0820,3.00,3.8442,-0.0265,2.9972,-0.6538,1.50
5.0840,3.00,3.8428,-0.1652,3.0001,-0.6921,1.50
5.0860,3.00,3.8414,0.0119,3.0025,-0.6667,1.50
5.0880,3.00,3.8408,-0.3556,3.0044,-0.7424,1.50
5.0900,3.00,3.8392,-0.2462,3.0057,-0.8084,1.50
5.0920,3.00,3.8373,-0.0734,3.0060,-0.8094,1.50
5.0940,3.00,3.8358,0.1109,3.0055,-0.7710,1.50
5.0960,3.00,3.8356,-0.4642,3.0044,-0.7249,1.50
5.0980,3.00,3.8339,-0.8009,3.0029,-0.7394,1.50
5.1000,3.00,3.8294,0.3740,3.0012,-0.7021,1.50
5.1020,3.00,3.8277,0.0788,2.9992,-0.5758,1.50
5.1040,3.00,3.8271,-0.2706,2.9977,-0.5114,1.50
5.1060,3.00,3.8260,0.2708,2.9969,-0.5787,1.50
5.1080,3.00,3.8268,-0.4654,2.9964,-0.6111,1.50
5.1100,3.00,3.8261,-0.6288,2.9961,-0.7119,1.50
5.1120,3.00,3.8232,-0.1617,2.9954,-0.6741,1.50
5.1140,3.00,3.8206,0.2991,2.9946,-0.6448,1.50
5.1160,3.00,3.8202,-0.5396,2.9939,-0.5978,1.50
5.1180,3.00,3.8181,0.1067,2.9933,-0.6235,1.50
5.1200,3.00,3.8173,-0.3815,2.9929,-0.6263,1.50
5.1220,3.00,3.8156,-0.3676,2.9925,-0.6220,1.50
5.1240,3.00,3.8130,-0.3755,2.9923,-0.6256,1.50
5.1260,3.00,3.8097,0.1851,2.9921,-0.6172,1.50
5.1280,3.00,3.8083,-0.0498,2.9919,-0.6910,1.50
5.1300,3.00,3.8074,-0.3334,2.9916,-0.6634,1.50
5.1320,3.00,3.8058,0.0590,2.9911,-0.6798,1.50
5.1340,3.00,3.8053,-0.2682,2.9905,-0.7091,1.50
5.1360,3.00,3.8044,-0.0888,2.9897,-0.6520,1.50
5.1380,3.00,3.8038,-0.1480,2.9888,-0.6276,1.50
5.1400,3.00,3.8033,-0.0269,2.9881,-0.5849,1.50
5.1420,3.00,3.8035,-0.0639,2.9877,-0.5564,1.50
5.1440,3.00,3.8040,-0.5591,2.9876,-0.5731,1.50
5.1460,3.00,3.8026,-0.3731,2.9879,-0.5823,1.50
5.1480,3.00,3.8004,0.1928,2.9883,-0.5601,1.50
5.1500,3.00,3.8000,-0.2305,2.9891,-0.4758,1.50
5.1520,3.00,3.7993,-0.4765,2.9905,-0.4754,1.50
5.1540,3.00,3.7973,0.1055,2.9925,-0.5357,1.50
5.1560,3.00,3.7966,-0.2416,2.9947,-0.5680,1.50
5.1580,3.00,3.7956,-0.2990,2.9969,-0.5394,1.50
5.1600,3.00,3.7941,-0.2525,2.9994,-0.6096,1.50
5.1620,3.00,3.7924,-0.1882,3.0017,-0.6478,1.50
5.1640,3.00,3.7907,-0.2894,3.0037,-0.7296,1.50
5.1660,3.00,3.7886,0.0210,3.0050,-0.6582,1.50
5.1680,3.00,3.7876,-0.0794,3.0061,-0.6602,1.50
5.1700,3.00,3.7870,-0.1157,3.0069,-0.6564,1.50
5.1720,3.00,3.7867,-0.2552,3.0075,-0.7248,1.50
5.1740,3.00,3.7861,-0.5756,3.0076,-0.7867,1.50
5.1760,3.00,3.7836,0.4878,3.0070,-0.7579,1.50
5.1780,3.00,3.7844,-0.6044,3.0059,-0.6993,1.50
5.1800,3.00,3.7831,-0.0658,3.0045,-0.6487,1.50
5.1820,3.00,3.7824,-0.1366,3.0032,-0.6121,1.50
5.1840,3.00,3.7819,0.0793,3.0021,-0.6383,1.50
5.1860,3.00,3.7825,-0.9424,3.0010,-0.6507,1.50
5.1880,3.00,3.7797,0.2269,3.0000,-0.6825,1.50
5.1900,3.00,3.7789,-0.1499,2.9988,-0.6719,1.50
5.1920,3.00,3.7782,-0.3833,2.9976,-0.6044,1.50
5.1940,3.00,3.7767,-0.0732,2.9966,-0.6210,1.50
5.1960,3.00,3.7758,0.0791,2.9958,-0.6908,1.50
5.1980,3.00,3.7761,-0.7498,2.9948,-0.6945,1.50
5.2000,3.00,3.7737,-0.1143,2.9936,-0.6484,1.50
5.2020,3.00,3.7719,-0.2793,2.9924,-0.5976,1.50
5.2040,3.00,3.7698,0.0703,2.9916,-0.5848,1.50
5.2060,3.00,3.7690,-0.4192,2.9910,-0.5610,1.50
5.2080,3.00,3.7673,0.0917,2.9908,-0.5917,1.50
5.2100,3.00,3.7669,-0.7376,2.9909,-0.6173,1.50
5.2120,3.00,3.7640,0.3578,2.9910,-0.6115,1.50
5.2140,3.00,3.7639,-0.7050,2.9912,-0.6041,1.50
5.2160,3.00,3.7614,0.2959,2.9915,-0.6351,1.50
5.2180,3.00,3.7613,-0.3499,2.9918,-0.6077,1.50
5.2200,3.00,3.7604,0.2753,2.9922,-0.6273,1.50
5.2220,3.00,3.7617,-0.6239,2.9925,-0.6146,1.50
5.2240,3.00,3.7609,-0.5924,2.9930,-0.6580,1.50
5.2260,3.00,3.7583,0.5762,2.9932,-0.7045,1.50
5.2280,3.00,3.7594,-0.6505,2.9931,-0.7805,1.50
5.2300,3.00,3.7582,-0.0867,2.9924,-0.7482,1.50
5.2320,3.00,3.7576,0.0730,2.9913,-0.6734,1.50
5.2340,3.00,3.7582,-0.5902,2.9901,-0.6289,1.50
5.2360,3.00,3.7570,-0.3898,2.9890,-0.6109,1.50
5.2380,3.00,3.7549,0.4397,2.9881,-0.6567,1.50
5.2400,3.00,3.7559,-0.6419,2.9873,-0.6892,1.50
5.2420,3.00,3.7547,-0.1367,2.9863,-0.7405,1.50
5.2440,3.00,3.7538,-0.1550,2.9849,-0.7395,1.50
5.2460,3.00,3.7532,-0.7294,2.9833,-0.7745,1.50
5.2480,3.00,3.7502,0.3086,2.9811,-0.7365,1.50
5.2500,3.00,3.7498,0.0808,2.9788,-0.7017,1.50
5.2520,3.00,3.7505,-0.4490,2.9764,-0.6314,1.50
5.2540,3.00,3.7501,-0.5710,2.9744,-0.7035,1.50
5.2560,3.00,3.7480,-0.1179,2.9722,-0.6582,1.50
5.2580,3.00,3.7464,-0.0880,2.9702,-0.6587,1.50
5.2600,3.00,3.7454,-0.1374,2.9684,-0.5621,1.50
5.2620,3.00,3.7448,-0.4754,2.9671,-0.5236,1.50
5.2640,3.00,3.7430,-0.3864,2.9665,-0.5250,1.50
5.2660,3.00,3.7405,0.2709,2.9665,-0.5778,1.50
5.2680,3.00,3.7404,-0.4489,2.9668,-0.6140,1.50
5.2700,3.00,3.7391,0.1912,2.9672,-0.6200,1.50
5.2720,3.00,3.7397,-0.4391,2.9677,-0.5249,1.50
5.2740,3.00,3.7391,-0.2622,2.9687,-0.5284,1.50
5.2760,3.00,3.7383,-0.3219,2.9701,-0.5726,1.50
5.2780,3.00,3.7370,-0.6473,2.9717,-0.5930,1.50
5.2800,3.00,3.7338,0.1372,2.9734,-0.5897,1.50
5.2820,3.00,3.7325,-0.0888,2.9751,-0.5300,1.50
5.2840,3.00,3.7318,-0.5319,2.9772,-0.3863,1.50
5.2860,3.00,3.7297,-0.2372,2.9802,-0.3822,1.50
5.2880,3.00,3.7277,0.2017,2.9841,-0.4608,1.50
5.2900,3.00,3.7277,-0.3851,2.9884,-0.6410,1.50
5.2920,3.00,3.7268,-0.3078,2.9922,-0.7145,1.50
5.2940,3.00,3.7256,-0.2778,2.9953,-0.7145,1.50
5.2960,3.00,3.7242,0.1679,2.9977,-0.7109,1.50
5.2980,3.00,3.7246,-0.9981,2.9995,-0.6928,1.50
5.3000,3.00,3.7214,0.4723,3.0008,-0.6626,1.50
5.3020,3.00,3.7216,-0.4741,3.0019,-0.5901,1.50
5.3040,3.00,3.7205,-0.2259,3.0031,-0.5759,1.50
5.3060,3.00,3.7195,-0.1559,3.0043,-0.5788,1.50
5.3080,3.00,3.7188,-0.4207,3.0057,-0.6197,1.50
5.3100,3.00,3.7173,-0.2204,3.0069,-0.6683,1.50
5.3120,3.00,3.7158,-0.2761,3.0079,-0.7277,1.50
5.3140,3.00,3.7143,-0.0481,3.0083,-0.8072,1.50
5.3160,3.00,3.7136,-0.1668,3.0078,-0.7967,1.50
5.3180,3.00,3.7132,-0.3661,3.0066,-0.6699,1.50
5.3200,3.00,3.7121,-0.0206,3.0054,-0.5671,1.50
5.3220,3.00,3.7120,-0.5595,3.0045,-0.5680,1.50
5.3240,3.00,3.7104,-0.0942,3.0040,-0.6367,1.50
5.3260,3.00,3.7094,-0.1574,3.0035,-0.6644,1.50
5.3280,3.00,3.7089,-0.5180,3.0029,-0.6414,1.50
5.3300,3.00,3.7070,0.0360,3.0023,-0.5924,1.50
5.3320,3.00,3.7064,-0.3598,3.0020,-0.5673,1.50
5.3340,3.00,3.7053,-0.4728,3.0019,-0.6159,1.50
5.3360,3.00,3.7032,0.2934,3.0019,-0.6660,1.50
5.3380,3.00,3.7035,-0.0317,3.0017,-0.6161,1.50
5.3400,3.00,3.7046,-0.6146,3.0016,-0.6182,1.50
5.3420,3.00,3.7039,-0.3637,3.0016,-0.6554,1.50
5.3440,3.00,3.7026,0.0057,3.0014,-0.6882,1.50
5.3460,3.00,3.7024,-0.4949,3.0010,-0.6875,1.50
5.3480,3.00,3.7010,0.0169,3.0004,-0.6529,1.50
5.3500,3.00,3.7008,-0.8315,2.9998,-0.5644,1.50
5.3520,3.00,3.6979,-0.1286,2.9995,-0.5300,1.50
5.3540,3.00,3.6957,0.1037,2.9996,-0.4681,1.50
5.3560,3.00,3.6952,-0.2303,3.0005,-0.6119,1.50
5.3580,3.00,3.6947,-0.2242,3.0014,-0.7407,1.50
5.3600,3.00,3.6943,-0.3558,3.0017,-0.8075,1.50
5.3620,3.00,3.6933,-0.4579,3.0012,-0.7733,1.50
5.3640,3.00,3.6914,0.0669,3.0000,-0.7279,1.50
5.3660,3.00,3.6910,0.1368,2.9986,-0.6262,1.50
5.3680,3.00,3.6923,-1.3177,2.9973,-0.5133,1.50
5.3700,3.00,3.6885,0.2479,2.9967,-0.4168,1.50
5.3720,3.00,3.6873,-0.4594,2.9971,-0.4495,1.50
5.3740,3.00,3.6852,-0.1265,2.9982,-0.4983,1.50
5.3760,3.00,3.6837,-0.0182,2.9999,-0.6139,1.50
5.3780,3.00,3.6834,-0.1829,3.0014,-0.7059,1.50
5.3800,3.00,3.6833,-0.5988,3.0025,-0.7693,1.50
5.3820,3.00,3.6816,-0.0017,3.0028,-0.7823,1.50
5.3840,3.00,3.6810,-0.1354,3.0024,-0.7605,1.50
5.3860,3.00,3.6810,-0.2118,3.0014,-0.6201,1.50
5.3880,3.00,3.6810,-0.7726,3.0006,-0.5514,1.50
5.3900,3.00,3.6787,0.3343,3.0003,-0.5458,1.50
5.3920,3.00,3.6791,-0.5823,3.0003,-0.6456,1.50
5.3940,3.00,3.6779,-0.5465,3.0003,-0.7587,1.50
5.3960,3.00,3.6755,-0.0123,2.9996,-0.8267,1.50
5.3980,3.00,3.6743,0.0550,2.9982,-0.7911,1.50
5.4000,3.00,3.6745,-0.3756,2.9962,-0.6991,1.50
5.4020,3.00,3.6741,-0.2237,2.9941,-0.6590,1.50
5.4040,3.00,3.6738,-0.7767,2.9921,-0.6950,1.50
5.4060,3.00,3.6711,-0.0621,2.9901,-0.6910,1.50
5.4080,3.00,3.6695,0.0435,2.9880,-0.6636,1.50
5.4100,3.00,3.6693,-0.1830,2.9859,-0.5902,1.50
5.4120,3.00,3.6694,0.0406,2.9843,-0.5633,1.50
5.4140,3.00,3.6708,-1.0667,2.9832,-0.5993,1.50
5.4160,3.00,3.6683,0.1075,2.9824,-0.6754,1.50
5.4180,3.00,3.6676,-0.1801,2.9815,-0.6763,1.50
5.4200,3.00,3.6672,-0.2319,2.9805,-0.6426,1.50
5.4220,3.00,3.6669,-0.3410,2.9796,-0.5693,1.50
5.4240,3.00,3.6663,-0.2425,2.9791,-0.5321,1.50
5.4260,3.00,3.6656,-0.1336,2.9792,-0.4866,1.50
5.4280,3.00,3.6656,-0.4444,2.9799,-0.4692,1.50
5.4300,3.00,3.6646,-0.2252,2.9813,-0.4776,1.50
5.4320,3.00,3.6638,-0.2464,2.9833,-0.5745,1.50
5.4340,3.00,3.6631,-0.3261,2.9854,-0.5596,1.50
5.4360,3.00,3.6621,-0.0391,2.9876,-0.4991,1.50
5.4380,3.00,3.6621,0.0224,2.9902,-0.5235,1.50
5.4400,3.00,3.6633,-0.6794,2.9931,-0.5911,1.50
5.4420,3.00,3.6624,-0.1471,2.9958,-0.6526,1.50
5.4440,3.00,3.6621,-0.6372,2.9982,-0.6654,1.50
5.4460,3.00,3.6600,-0.2955,3.0002,-0.6577,1.50
5.4480,3.00,3.6579,-0.1083,3.0019,-0.6419,1.50
5.4500,3.00,3.6567,-0.4215,3.0033,-0.6850,1.50
5.4520,3.00,3.6548,0.0324,3.0044,-0.6521,1.50
5.4540,3.00,3.6544,-0.6793,3.0052,-0.6265,1.50
5.4560,3.00,3.6521,-0.0163,3.0060,-0.6234,1.50
5.4580,3.00,3.6511,-0.3686,3.0067,-0.5715,1.50
5.4600,3.00,3.6497,-0.0396,3.0076,-0.6271,1.50
5.4620,3.00,3.6494,-0.2537,3.0084,-0.6310,1.50
5.4640,3.00,3.6490,-0.3981,3.0090,-0.6029,1.50
5.4660,3.00,3.6481,-0.3379,3.0097,-0.6911,1.50
5.4680,3.00,3.6469,0.0006,3.0101,-0.8143,1.50
5.4700,3.00,3.6470,-1.0087,3.0096,-0.8995,1.50
5.4720,3.00,3.6437,0.2684,3.0079,-0.8685,1.50
5.4740,3.00,3.6431,-0.1275,3.0053,-0.7679,1.50
5.4760,3.00,3.6431,-0.0849,3.0023,-0.7086,1.50
5.4780,3.00,3.6438,-0.7319,2.9992,-0.6893,1.50
5.4800,3.00,3.6424,-0.4832,2.9963,-0.6814,1.50
5.4820,3.00,3.6401,-0.1495,2.9933,-0.6471,1.50
5.4840,3.00,3.6386,-0.1562,2.9907,-0.5882,1.50
5.4860,3.00,3.6376,-0.2228,2.9885,-0.5252,1.50
5.4880,3.00,3.6370,-0.5755,2.9870,-0.5063,1.50
5.4900,3.00,3.6350,-0.2026,2.9862,-0.5063,1.50
5.4920,3.00,3.6334,-0.1775,2.9861,-0.4610,1.50
5.4940,3.00,3.6324,-0.6134,2.9868,-0.4793,1.50
5.4960,3.00,3.6300,0.0922,2.9881,-0.4700,1.50
5.4980,3.00,3.6294,-0.1456,2.9900,-0.4515,1.50
5.5000,3.00,3.6294,-0.3941,2.9926,-0.4224,1.50
5.5020,3.00,3.6288,-0.2161,2.9958,-0.4700,1.50
5.5040,3.00,3.6285,-0.4848,2.9994,-0.5344,1.50
5.5060,3.00,3.6273,-0.5397,3.0031,-0.6050,1.50
5.5080,3.00,3.6249,-0.1462,3.0066,-0.6276,1.50
5.5100,3.00,3.6234,-0.3106,3.0097,-0.7250,1.50
5.5120,3.00,3.6218,0.1118,3.0120,-0.6615,1.50
5.5140,3.00,3.6221,-0.5555,3.0139,-0.6566,1.50
5.5160,3.00,3.6211,-0.0910,3.0155,-0.5830,1.50
5.5180,3.00,3.6210,-0.6222,3.0171,-0.5978,1.50
5.5200,3.00,3.6193,-0.0230,3.0187,-0.5874,1.50
5.5220,3.00,3.6189,-0.4008,3.0202,-0.5822,1.50
5.5240,3.00,3.6180,-0.4707,3.0218,-0.6109,1.50
5.5260,3.00,3.6163,0.0044,3.0232,-0.6581,1.50
5.5280,3.00,3.6160,-0.3256,3.0243,-0.6625,1.50
5.5300,3.00,3.6155,-0.5773,3.0251,-0.7176,1.50
5.5320,3.00,3.6137,0.0082,3.0253,-0.7852,1.50
5.5340,3.00,3.6134,-0.3029,3.0248,-0.7954,1.50
5.5360,3.00,3.6130,-0.6306,3.0236,-0.7897,1.50
5.5380,3.00,3.6110,-0.2289,3.0217,-0.7248,1.50
5.5400,3.00,3.6094,-0.1450,3.0195,-0.7036,1.50
5.5420,3.00,3.6086,0.0614,3.0172,-0.6260,1.50
5.5440,3.00,3.6094,-0.5023,3.0151,-0.5644,1.50
5.5460,3.00,3.6091,-0.3083,3.0134,-0.5099,1.50
5.5480,3.00,3.6087,-0.4655,3.0124,-0.5095,1.50
5.5500,3.00,3.6076,-0.2962,3.0120,-0.5562,1.50
5.5520,3.00,3.6064,-0.4403,3.0120,-0.5062,1.50
5.5540,3.00,3.6047,-0.0214,3.0125,-0.4968,1.50
5.5560,3.00,3.6043,-0.0891,3.0135,-0.4696,1.50
5.5580,3.00,3.6048,-0.4916,3.0150,-0.5425,1.50
5.5600,3.00,3.6043,-0.3622,3.0168,-0.5080,1.50
5.5620,3.00,3.6034,-0.0923,3.0189,-0.4849,1.50
5.5640,3.00,3.6036,-0.3344,3.0214,-0.4931,1.50
5.5660,3.00,3.6034,-0.6089,3.0242,-0.5897,1.50
5.5680,3.00,3.6018,-0.1007,3.0268,-0.6684,1.50
5.5700,3.00,3.6012,-0.7492,3.0290,-0.7013,1.50
5.5720,3.00,3.5986,-0.3108,3.0305,-0.6975,1.50
5.5740,3.00,3.5962,-0.1980,3.0315,-0.6734,1.50
5.5760,3.00,3.5944,-0.3283,3.0322,-0.6896,1.50
5.5780,3.00,3.5926,-0.0172,3.0324,-0.7455,1.50
5.5800,3.00,3.5921,-0.3247,3.0321,-0.8123,1.50
5.5820,3.00,3.5916,-0.6561,3.0308,-0.8715,1.50
5.5840,3.00,3.5895,0.0436,3.0286,-0.8153,1.50
5.5860,3.00,3.5891,-0.1847,3.0257,-0.7691,1.50
5.5880,3.00,3.5892,-0.0501,3.0224,-0.6780,1.50
5.5900,3.00,3.5904,-0.8610,3.0191,-0.6132,1.50
5.5920,3.00,3.5889,-0.2013,3.0163,-0.6349,1.50
5.5940,3.00,3.5879,-0.0911,3.0136,-0.6891,1.50
5.5960,3.00,3.5880,-0.6169,3.0109,-0.6900,1.50
5.5980,3.00,3.5865,-0.2291,3.0082,-0.5629,1.50
5.6000,3.00,3.5855,-0.6104,3.0060,-0.5187,1.50
5.6020,3.00,3.5832,-0.3710,3.0046,-0.5041,1.50
5.6040,3.00,3.5809,-0.3054,3.0038,-0.5607,1.50
5.6060,3.00,3.5787,-0.2568,3.0034,-0.5823,1.50
5.6080,3.00,3.5769,0.0132,3.0033,-0.6139,1.50
5.6100,3.00,3.5767,-0.2095,3.0032,-0.7211,1.50
5.6120,3.00,3.5769,-0.7670,3.0027,-0.7886,1.50
5.6140,3.00,3.5750,-0.0600,3.0016,-0.8578,1.50
5.6160,3.00,3.5743,-0.4659,2.9995,-0.8247,1.50
5.6180,3.00,3.5730,-0.1518,2.9968,-0.7350,1.50
5.6200,3.00,3.5725,-0.2266,2.9939,-0.6868,1.50
5.6220,3.00,3.5723,-0.5578,2.9911,-0.6819,1.50
5.6240,3.00,3.5711,-0.1900,2.9883,-0.6483,1.50
5.6260,3.00,3.5704,-0.1502,2.9858,-0.5723,1.50
5.6280,3.00,3.5705,-0.3136,2.9838,-0.5669,1.50
5.6300,3.00,3.5706,-0.7844,2.9823,-0.4970,1.50
5.6320,3.00,3.5685,0.0018,2.9816,-0.5253,1.50
5.6340,3.00,3.5679,-0.3351,2.9814,-0.5059,1.50
5.6360,3.00,3.5673,-0.3709,2.9819,-0.4616,1.50
5.6380,3.00,3.5664,-0.2067,2.9831,-0.4909,1.50
5.6400,3.00,3.5661,-0.2689,2.9849,-0.4800,1.50
5.6420,3.00,3.5660,-0.4084,2.9872,-0.5261,1.50
5.6440,3.00,3.5654,-0.1933,2.9897,-0.6464,1.50
5.6460,3.00,3.5654,-0.7235,2.9920,-0.6307,1.50
5.6480,3.00,3.5635,0.1033,2.9940,-0.6696,1.50
5.6500,3.00,3.5636,0.0167,2.9957,-0.6800,1.50
5.6520,3.00,3.5652,-0.8816,2.9970,-0.7889,1.50
5.6540,3.00,3.5640,-0.2614,2.9975,-0.7828,1.50
5.6560,3.00,3.5631,-0.2613,2.9972,-0.7383,1.50
5.6580,3.00,3.5626,-0.2121,2.9965,-0.6792,1.50
5.6600,3.00,3.5625,-0.5503,2.9957,-0.6391,1.50
5.6620,3.00,3.5613,-0.1540,2.9949,-0.6124,1.50
5.6640,3.00,3.5609,-0.1732,2.9943,-0.5396,1.50
5.6660,3.00,3.5612,-0.6702,2.9941,-0.5409,1.50
5.6680,3.00,3.5599,-0.3864,2.9944,-0.5384,1.50
5.6700,3.00,3.5583,-0.2901,2.9951,-0.5558,1.50
5.6720,3.00,3.5570,-0.1167,2.9960,-0.4789,1.50
5.6740,3.00,3.5567,-0.1039,2.9976,-0.4584,1.50
5.6760,3.00,3.5573,-0.5247,2.9997,-0.4952,1.50
5.6780,3.00,3.5569,-0.4028,3.0022,-0.5494,1.50
5.6800,3.00,3.5561,-0.4101,3.0049,-0.6799,1.50
5.6820,3.00,3.5550,0.0773,3.0070,-0.7396,1.50
5.6840,3.00,3.5557,-0.6823,3.0084,-0.7515,1.50
5.6860,3.00,3.5547,0.1120,3.0092,-0.7140,1.50
5.6880,3.00,3.5557,-1.1465,3.0094,-0.7217,1.50
5.6900,3.00,3.5529,0.4793,3.0092,-0.7501,1.50
5.6920,3.00,3.5538,-1.0317,3.0085,-0.6725,1.50
5.6940,3.00,3.5515,-0.4510,3.0076,-0.6642,1.50
5.6960,3.00,3.5488,0.1576,3.0067,-0.6489,1.50
5.6980,3.00,3.5485,-0.3995,3.0057,-0.6315,1.50
5.7000,3.00,3.5479,-0.1573,3.0048,-0.6511,1.50
5.7020,3.00,3.5480,-0.6645,3.0039,-0.6942,1.50
5.7040,3.00,3.5466,-0.4264,3.0028,-0.6934,1.50
5.7060,3.00,3.5448,-0.0477,3.0015,-0.7284,1.50
5.7080,3.00,3.5444,-0.8920,2.9999,-0.7052,1.50
5.7100,3.00,3.5415,0.1446,2.9982,-0.7444,1.50
5.7120,3.00,3.5409,0.0901,2.9961,-0.6613,1.50
5.7140,3.00,3.5423,-0.5453,2.9940,-0.6103,1.50
5.7160,3.00,3.5425,-0.7501,2.9923,-0.6101,1.50
5.7180,3.00,3.5408,-0.1982,2.9909,-0.6263,1.50
5.7200,3.00,3.5397,-0.3051,2.9896,-0.5717,1.50
5.7220,3.00,3.5389,-0.3956,2.9888,-0.5797,1.50
5.7240,3.00,3.5378,-0.1580,2.9883,-0.5505,1.50
5.7260,3.00,3.5376,-0.7403,2.9882,-0.5882,1.50
5.7280,3.00,3.5355,0.2101,2.9883,-0.5579,1.50
5.7300,3.00,3.5360,-0.6637,2.9888,-0.5873,1.50
5.7320,3.00,3.5350,-0.1691,2.9894,-0.6209,1.50
5.7340,3.00,3.5347,-0.7336,2.9901,-0.5805,1.50
5.7360,3.00,3.5326,0.1117,2.9909,-0.5033,1.50
5.7380,3.00,3.5327,-0.3278,2.9922,-0.4726,1.50
5.7400,3.00,3.5328,-0.3885,2.9941,-0.5051,1.50
5.7420,3.00,3.5326,-0.3539,2.9964,-0.4900,1.50
5.7440,3.00,3.5323,-0.5843,2.9991,-0.5755,1.50
5.7460,3.00,3.5309,-0.7605,3.0018,-0.6594,1.50
5.7480,3.00,3.5276,0.3766,3.0040,-0.7071,1.50
5.7500,3.00,3.5279,-0.6268,3.0057,-0.7141,1.50
5.7520,3.00,3.5268,-0.1512,3.0069,-0.6522,1.50
5.7540,3.00,3.5266,-0.5632,3.0078,-0.5919,1.50
5.7560,3.00,3.5254,-0.1254,3.0087,-0.6012,1.50
5.7580,3.00,3.5252,-0.2975,3.0097,-0.5978,1.50
5.7600,3.00,3.5252,-0.6555,3.0107,-0.6070,1.50
5.7620,3.00,3.5237,-0.4999,3.0117,-0.6481,1.50
5.7640,3.00,3.5216,-0.0323,3.0125,-0.7156,1.50
5.7660,3.00,3.5211,-0.5221,3.0128,-0.7415,1.50
5.7680,3.00,3.5198,-0.3664,3.0125,-0.6404,1.50
5.7700,3.00,3.5185,-0.4619,3.0122,-0.6328,1.50
5.7720,3.00,3.5167,-0.1403,3.0118,-0.6698,1.50
5.7740,3.00,3.5160,-0.6604,3.0113,-0.6569,1.50
5.7760,3.00,3.5140,-0.4920,3.0108,-0.6956,1.50
5.7780,3.00,3.5114,0.0450,3.0099,-0.7237,1.50
5.7800,3.00,3.5108,-0.1599,3.0087,-0.8056,1.50
5.7820,3.00,3.5111,-0.6399,3.0068,-0.8016,1.50
5.7840,3.00,3.5100,-0.4607,3.0043,-0.7495,1.50
5.7860,3.00,3.5085,0.1457,3.0016,-0.7607,1.50
5.7880,3.00,3.5093,-0.7100,2.9985,-0.8147,1.50
5.7900,3.00,3.5083,-0.3791,2.9949,-0.7255,1.50
5.7920,3.00,3.5073,-0.0744,2.9912,-0.5779,1.50
5.7940,3.00,3.5076,-0.4943,2.9882,-0.5334,1.50
5.7960,3.00,3.5072,-0.5806,2.9859,-0.5397,1.50
5.7980,3.00,3.5057,-0.1321,2.9843,-0.5738,1.50
5.8000,3.00,3.5053,-0.5009,2.9832,-0.5398,1.50
5.8020,3.00,3.5043,-0.3767,2.9825,-0.5657,1.50
5.8040,3.00,3.5032,0.0219,2.9823,-0.4933,1.50
5.8060,3.00,3.5039,-0.9902,2.9828,-0.4988,1.50
5.8080,3.00,3.5016,0.0504,2.9838,-0.4684,1.50
5.8100,3.00,3.5013,-0.4716,2.9855,-0.4659,1.50
5.8120,3.00,3.5004,-0.4948,2.9878,-0.4680,1.50
5.8140,3.00,3.4990,0.0483,2.9906,-0.5030,1.50
5.8160,3.00,3.4995,-0.4358,2.9937,-0.6017,1.50
5.8180,3.00,3.4995,-0.1941,2.9966,-0.6313,1.50
5.8200,3.00,3.5002,-0.4138,2.9993,-0.6347,1.50
5.8220,3.00,3.5005,-0.3254,3.0016,-0.6128,1.50
5.8240,3.00,3.5009,-0.7382,3.0038,-0.5967,1.50
5.8260,3.00,3.4995,-0.0644,3.0060,-0.5374,1.50
5.8280,3.00,3.4995,-0.4507,3.0083,-0.5538,1.50
5.8300,3.00,3.4990,-0.5349,3.0107,-0.5994,1.50
5.8320,3.00,3.4977,-0.3271,3.0129,-0.6162,1.50
5.8340,3.00,3.4966,-0.1773,3.0150,-0.5277,1.50
5.8360,3.00,3.4965,-1.0137,3.0173,-0.5414,1.50
5.8380,3.00,3.4933,-0.0357,3.0197,-0.5629,1.50
5.8400,3.00,3.4919,0.1081,3.0221,-0.6175,1.50
5.8420,3.00,3.4927,-0.7581,3.0243,-0.6767,1.50
5.8440,3.00,3.4915,-0.2101,3.0260,-0.7109,1.50
5.8460,3.00,3.4912,-0.3150,3.0271,-0.6816,1.50
5.8480,3.00,3.4910,-0.6331,3.0278,-0.6732,1.50
5.8500,3.00,3.4895,-0.3116,3.0282,-0.6858,1.50
5.8520,3.00,3.4884,-0.1720,3.0282,-0.6887,1.50
5.8540,3.00,3.4883,-0.3870,3.0279,-0.6824,1.50
5.8560,3.00,3.4879,-0.6678,3.0273,-0.6376,1.50
5.8580,3.00,3.4863,0.0061,3.0267,-0.5723,1.50
5.8600,3.00,3.4863,-0.3687,3.0264,-0.5543,1.50
5.8620,3.00,3.4863,-0.2773,3.0263,-0.5709,1.50
5.8640,3.00,3.4867,-0.2870,3.0265,-0.5852,1.50
5.8660,3.00,3.4873,-1.0636,3.0267,-0.6038,1.50
5.8680,3.00,3.4847,0.0382,3.0270,-0.6532,1.50
5.8700,3.00,3.4841,-0.4592,3.0271,-0.7183,1.50
5.8720,3.00,3.4831,-0.6209,3.0268,-0.7909,1.50
5.8740,3.00,3.4810,-0.1299,3.0257,-0.7756,1.50
5.8760,3.00,3.4801,-0.2846,3.0240,-0.7812,1.50
5.8780,3.00,3.4797,-0.3115,3.0217,-0.7289,1.50
5.8800,3.00,3.4795,-0.6092,3.0192,-0.7473,1.50
5.8820,3.00,3.4782,-0.1802,3.0163,-0.7196,1.50
5.8840,3.00,3.4778,-0.4645,3.0134,-0.6916,1.50
5.8860,3.00,3.4771,-0.5035,3.0104,-0.7811,1.50
5.8880,3.00,3.4757,-0.4459,3.0070,-0.7369,1.50
5.8900,3.00,3.4741,-0.2863,3.0034,-0.6247,1.50
5.8920,3.00,3.4730,-0.1567,3.0002,-0.5435,1.50
5.8940,3.00,3.4729,-0.2694,2.9977,-0.4876,1.50
5.8960,3.00,3.4733,-0.5359,2.9962,-0.5085,1.50
5.8980,3.00,3.4728,-0.6508,2.9953,-0.5631,1.50
5.9000,3.00,3.4711,-0.3370,2.9948,-0.5424,1.50
5.9020,3.00,3.4697,-0.8285,2.9947,-0.5352,1.50
5.9040,3.00,3.4663,-0.0191,2.9951,-0.5785,1.50
5.9060,3.00,3.4649,-0.0803,2.9957,-0.6394,1.50
5.9080,3.00,3.4649,-0.7497,2.9962,-0.6519,1.50
5.9100,3.00,3.4631,-0.1274,2.9966,-0.6128,1.50
5.9120,3.00,3.4627,-0.4361,2.9970,-0.5278,1.50
5.9140,3.00,3.4619,0.0597,2.9979,-0.4076,1.50
5.9160,3.00,3.4632,-0.8387,2.9996,-0.3963,1.50
5.9180,3.00,3.4622,-0.3337,3.0022,-0.4169,1.50
5.9200,3.00,3.4615,-0.2243,3.0055,-0.5463,1.50
5.9220,3.00,3.4614,-0.5196,3.0088,-0.5883,1.50
5.9240,3.00,3.4608,-0.2728,3.0120,-0.7099,1.50
5.9260,3.00,3.4606,-1.0162,3.0145,-0.7529,1.50
5.9280,3.00,3.4575,0.3813,3.0161,-0.7465,1.50
5.9300,3.00,3.4582,-0.6322,3.0170,-0.7368,1.50
5.9320,3.00,3.4576,-0.7727,3.0173,-0.7263,1.50
5.9340,3.00,3.4552,0.1084,3.0171,-0.7396,1.50
5.9360,3.00,3.4553,-0.4322,3.0164,-0.7694,1.50
5.9380,3.00,3.4550,-0.5316,3.0151,-0.8068,1.50
5.9400,3.00,3.4541,-0.1527,3.0131,-0.8214,1.50
5.9420,3.00,3.4543,-0.6738,3.0105,-0.6904,1.50
5.9440,3.00,3.4531,-0.3108,3.0078,-0.5804,1.50
5.9460,3.00,3.4523,-0.7465,3.0056,-0.4983,1.50
5.9480,3.00,3.4499,0.2476,3.0041,-0.5376,1.50
5.9500,3.00,3.4506,-0.5039,3.0033,-0.5508,1.50
5.9520,3.00,3.4506,-0.5041,3.0028,-0.5764,1.50
5.9540,3.00,3.4500,-0.3551,3.0026,-0.5972,1.50
5.9560,3.00,3.4496,-0.5529,3.0026,-0.6452,1.50
5.9580,3.00,3.4485,-0.4843,3.0025,-0.7114,1.50
5.9600,3.00,3.4469,-0.3009,3.0021,-0.6140,1.50
5.9620,3.00,3.4459,-0.5574,3.0017,-0.5392,1.50
5.9640,3.00,3.4442,0.0467,3.0018,-0.5871,1.50
5.9660,3.00,3.4446,-0.1557,3.0021,-0.6527,1.50
5.9680,3.00,3.4459,-0.5074,3.0022,-0.7492,1.50
5.9700,3.00,3.4465,-0.7969,3.0018,-0.7857,1.50
5.9720,3.00,3.4451,-0.3203,3.0008,-0.8980,1.50
5.9740,3.00,3.4442,-0.2419,2.9986,-0.7939,1.50
5.9760,3.00,3.4440,-0.4322,2.9960,-0.6998,1.50
5.9780,3.00,3.4435,-0.5583,2.9933,-0.5656,1.50
5.9800,3.00,3.4423,-0.1710,2.9911,-0.5254,1.50
5.9820,3.00,3.4422,-0.5552,2.9897,-0.5384,1.50
5.9840,3.00,3.4413,-0.4879,2.9888,-0.4877,1.50
5.9860,3.00,3.4400,-0.1401,2.9887,-0.5633,1.50
5.9880,3.00,3.4399,-0.7111,2.9889,-0.5804,1.50
5.9900,3.00,3.4384,-0.0227,2.9894,-0.5938,1.50
5.9920,3.00,3.4386,-0.1310,2.9900,-0.5324,1.50
5.9940,3.00,3.4399,-1.3229,2.9910,-0.4577,1.50
5.9960,3.00,3.4369,0.3057,2.9926,-0.4099,1.50
5.9980,3.00,3.4373,-0.3723,2.9951,-0.3927,1.50
